Tanggal,Provinsi,Kasus Aktif
3/21/2022,Jawa Barat,47
3/22/2022,Jawa Barat,45
3/23/2022,Jawa Barat,45
3/24/2022,Jawa Barat,45
3/25/2022,Jawa Barat,58
3/26/2022,Jawa Barat,62
3/27/2022,Jawa Barat,79
3/28/2022,Jawa Barat,96
3/29/2022,Jawa Barat,124
3/30/2022,Jawa Barat,152
3/31/2022,Jawa Barat,166
4/1/2022,Jawa Barat,188
4/2/2022,Jawa Barat,187
4/3/2022,Jawa Barat,188
4/4/2022,Jawa Barat,207
4/5/2022,Jawa Barat,212
4/6/2022,Jawa Barat,221
4/7/2022,Jawa Barat,297
4/8/2022,Jawa Barat,313
4/9/2022,Jawa Barat,317
4/10/2022,Jawa Barat,329
4/11/2022,Jawa Barat,362
4/12/2022,Jawa Barat,388
4/13/2022,Jawa Barat,466
4/14/2022,Jawa Barat,455
4/15/2022,Jawa Barat,484
4/16/2022,Jawa Barat,489
4/17/2022,Jawa Barat,535
4/18/2022,Jawa Barat,544
4/19/2022,Jawa Barat,592
4/20/2022,Jawa Barat,629
4/21/2022,Jawa Barat,613
4/22/2022,Jawa Barat,612
4/23/2022,Jawa Barat,623
4/24/2022,Jawa Barat,695
4/25/2022,Jawa Barat,737
4/26/2022,Jawa Barat,742
4/27/2022,Jawa Barat,777
4/28/2022,Jawa Barat,787
4/29/2022,Jawa Barat,823
4/30/2022,Jawa Barat,786
5/1/2022,Jawa Barat,784
5/2/2022,Jawa Barat,812
5/3/2022,Jawa Barat,817
5/4/2022,Jawa Barat,1007
5/5/2022,Jawa Barat,1046
5/6/2022,Jawa Barat,1053
5/7/2022,Jawa Barat,1109
5/8/2022,Jawa Barat,1128
5/9/2022,Jawa Barat,1140
5/10/2022,Jawa Barat,1140
5/11/2022,Jawa Barat,1185
5/12/2022,Jawa Barat,1234
5/13/2022,Jawa Barat,1221
5/14/2022,Jawa Barat,1224
5/15/2022,Jawa Barat,1237
5/16/2022,Jawa Barat,1256
5/17/2022,Jawa Barat,1222
5/18/2022,Jawa Barat,1157
5/19/2022,Jawa Barat,1165
5/20/2022,Jawa Barat,1340
5/21/2022,Jawa Barat,1416
5/22/2022,Jawa Barat,1445
5/23/2022,Jawa Barat,1447
5/24/2022,Jawa Barat,1484
5/25/2022,Jawa Barat,1506
5/26/2022,Jawa Barat,1488
5/27/2022,Jawa Barat,1473
5/28/2022,Jawa Barat,1453
5/29/2022,Jawa Barat,1477
5/30/2022,Jawa Barat,1471
5/31/2022,Jawa Barat,1497
6/1/2022,Jawa Barat,1531
6/2/2022,Jawa Barat,1515
6/3/2022,Jawa Barat,1464
6/4/2022,Jawa Barat,1480
6/5/2022,Jawa Barat,1444
6/6/2022,Jawa Barat,1439
6/7/2022,Jawa Barat,1368
6/8/2022,Jawa Barat,1311
6/9/2022,Jawa Barat,1325
6/10/2022,Jawa Barat,1350
6/11/2022,Jawa Barat,1374
6/12/2022,Jawa Barat,1354
6/13/2022,Jawa Barat,1333
6/14/2022,Jawa Barat,1308
6/15/2022,Jawa Barat,1319
6/16/2022,Jawa Barat,1349
6/17/2022,Jawa Barat,1357
6/18/2022,Jawa Barat,1356
6/19/2022,Jawa Barat,1373
6/20/2022,Jawa Barat,1396
6/21/2022,Jawa Barat,1414
6/22/2022,Jawa Barat,1407
6/23/2022,Jawa Barat,1413
6/24/2022,Jawa Barat,1448
6/25/2022,Jawa Barat,1416
6/26/2022,Jawa Barat,1341
6/27/2022,Jawa Barat,1376
6/28/2022,Jawa Barat,1396
6/29/2022,Jawa Barat,1437
6/30/2022,Jawa Barat,1435
7/1/2022,Jawa Barat,1477
7/2/2022,Jawa Barat,1502
7/3/2022,Jawa Barat,1529
7/4/2022,Jawa Barat,1601
7/5/2022,Jawa Barat,1695
7/6/2022,Jawa Barat,1804
7/7/2022,Jawa Barat,1836
7/8/2022,Jawa Barat,1912
7/9/2022,Jawa Barat,2846
7/10/2022,Jawa Barat,2926
7/11/2022,Jawa Barat,2974
7/12/2022,Jawa Barat,3014
7/13/2022,Jawa Barat,3078
7/14/2022,Jawa Barat,3125
7/15/2022,Jawa Barat,3059
7/16/2022,Jawa Barat,3061
7/17/2022,Jawa Barat,3071
7/18/2022,Jawa Barat,3097
7/19/2022,Jawa Barat,3120
7/20/2022,Jawa Barat,3086
7/21/2022,Jawa Barat,3111
7/22/2022,Jawa Barat,3118
7/23/2022,Jawa Barat,3166
7/24/2022,Jawa Barat,3238
7/25/2022,Jawa Barat,3277
7/26/2022,Jawa Barat,3305
7/27/2022,Jawa Barat,2944
7/28/2022,Jawa Barat,2445
7/29/2022,Jawa Barat,2491
7/30/2022,Jawa Barat,2302
7/31/2022,Jawa Barat,2356
8/1/2022,Jawa Barat,2389
8/2/2022,Jawa Barat,2435
8/3/2022,Jawa Barat,2443
8/4/2022,Jawa Barat,2361
8/5/2022,Jawa Barat,2476
8/6/2022,Jawa Barat,2526
8/7/2022,Jawa Barat,2611
8/8/2022,Jawa Barat,2811
8/9/2022,Jawa Barat,2921
8/10/2022,Jawa Barat,2927
8/11/2022,Jawa Barat,2979
8/12/2022,Jawa Barat,3016
8/13/2022,Jawa Barat,3097
8/14/2022,Jawa Barat,3449
8/15/2022,Jawa Barat,3650
8/16/2022,Jawa Barat,3690
8/17/2022,Jawa Barat,3689
8/18/2022,Jawa Barat,3718
8/19/2022,Jawa Barat,3770
8/20/2022,Jawa Barat,3896
8/21/2022,Jawa Barat,3859
8/22/2022,Jawa Barat,3806
8/23/2022,Jawa Barat,3356
8/24/2022,Jawa Barat,3282
8/25/2022,Jawa Barat,3526
8/26/2022,Jawa Barat,3674
8/27/2022,Jawa Barat,3742
8/28/2022,Jawa Barat,4199
8/29/2022,Jawa Barat,4478
8/30/2022,Jawa Barat,4560
8/31/2022,Jawa Barat,4640
9/1/2022,Jawa Barat,4801
9/2/2022,Jawa Barat,4866
9/3/2022,Jawa Barat,5070
9/4/2022,Jawa Barat,5368
9/5/2022,Jawa Barat,5551
9/6/2022,Jawa Barat,5670
9/7/2022,Jawa Barat,5786
9/8/2022,Jawa Barat,6044
9/9/2022,Jawa Barat,6281
9/10/2022,Jawa Barat,6507
9/11/2022,Jawa Barat,6486
9/12/2022,Jawa Barat,6444
9/13/2022,Jawa Barat,6404
9/14/2022,Jawa Barat,6443
9/15/2022,Jawa Barat,6527
9/16/2022,Jawa Barat,6606
9/17/2022,Jawa Barat,6625
9/18/2022,Jawa Barat,6676
9/19/2022,Jawa Barat,6592
9/20/2022,Jawa Barat,6595
9/21/2022,Jawa Barat,7016
9/22/2022,Jawa Barat,6992
9/23/2022,Jawa Barat,7325
9/24/2022,Jawa Barat,7868
9/25/2022,Jawa Barat,7741
9/26/2022,Jawa Barat,7487
9/27/2022,Jawa Barat,7693
9/28/2022,Jawa Barat,7872
9/29/2022,Jawa Barat,8075
9/30/2022,Jawa Barat,8135
10/1/2022,Jawa Barat,8551
10/2/2022,Jawa Barat,8895
10/3/2022,Jawa Barat,9128
10/4/2022,Jawa Barat,9282
10/5/2022,Jawa Barat,8980
10/6/2022,Jawa Barat,9271
10/7/2022,Jawa Barat,9497
10/8/2022,Jawa Barat,9766
10/9/2022,Jawa Barat,9705
10/10/2022,Jawa Barat,9594
10/11/2022,Jawa Barat,9244
10/12/2022,Jawa Barat,9283
10/13/2022,Jawa Barat,9279
10/14/2022,Jawa Barat,9184
10/15/2022,Jawa Barat,9463
10/16/2022,Jawa Barat,9500
10/17/2022,Jawa Barat,9560
10/18/2022,Jawa Barat,9426
10/19/2022,Jawa Barat,9590
10/20/2022,Jawa Barat,9829
10/21/2022,Jawa Barat,9920
10/22/2022,Jawa Barat,10301
10/23/2022,Jawa Barat,10476
10/24/2022,Jawa Barat,10224
10/25/2022,Jawa Barat,10102
10/26/2022,Jawa Barat,10076
10/27/2022,Jawa Barat,9897
10/28/2022,Jawa Barat,9927
10/29/2022,Jawa Barat,9894
10/30/2022,Jawa Barat,9854
10/31/2022,Jawa Barat,9975
11/1/2022,Jawa Barat,9580
11/2/2022,Jawa Barat,9521
11/3/2022,Jawa Barat,9613
11/4/2022,Jawa Barat,9824
11/5/2022,Jawa Barat,10062
11/6/2022,Jawa Barat,10198
11/7/2022,Jawa Barat,10212
11/8/2022,Jawa Barat,10065
11/9/2022,Jawa Barat,9473
11/10/2022,Jawa Barat,9311
11/11/2022,Jawa Barat,9540
11/12/2022,Jawa Barat,9728
11/13/2022,Jawa Barat,10142
11/14/2022,Jawa Barat,10477
11/15/2022,Jawa Barat,9763
11/16/2022,Jawa Barat,9574
11/17/2022,Jawa Barat,9402
11/18/2022,Jawa Barat,8986
11/19/2022,Jawa Barat,8931
11/20/2022,Jawa Barat,8775
11/21/2022,Jawa Barat,8509
11/22/2022,Jawa Barat,8187
11/23/2022,Jawa Barat,7774
11/24/2022,Jawa Barat,7641
11/25/2022,Jawa Barat,7608
11/26/2022,Jawa Barat,7668
11/27/2022,Jawa Barat,7580
11/28/2022,Jawa Barat,7080
11/29/2022,Jawa Barat,6532
11/30/2022,Jawa Barat,6559
12/1/2022,Jawa Barat,6710
12/2/2022,Jawa Barat,7084
12/3/2022,Jawa Barat,8458
12/4/2022,Jawa Barat,9067
12/5/2022,Jawa Barat,9464
12/6/2022,Jawa Barat,9720
12/7/2022,Jawa Barat,9817
12/8/2022,Jawa Barat,9800
12/9/2022,Jawa Barat,10146
12/10/2022,Jawa Barat,10291
12/11/2022,Jawa Barat,10387
12/12/2022,Jawa Barat,10661
12/13/2022,Jawa Barat,10877
12/14/2022,Jawa Barat,10609
12/15/2022,Jawa Barat,10717
12/16/2022,Jawa Barat,11130
12/17/2022,Jawa Barat,11498
12/18/2022,Jawa Barat,11553
12/19/2022,Jawa Barat,12048
12/20/2022,Jawa Barat,11913
12/21/2022,Jawa Barat,11995
12/22/2022,Jawa Barat,12146
12/23/2022,Jawa Barat,12092
12/24/2022,Jawa Barat,12292
12/25/2022,Jawa Barat,12470
12/26/2022,Jawa Barat,12393
12/27/2022,Jawa Barat,12070
12/28/2022,Jawa Barat,11641
12/29/2022,Jawa Barat,11810
12/30/2022,Jawa Barat,11833
12/31/2022,Jawa Barat,11619
1/1/2022,Jawa Barat,11910
1/2/2022,Jawa Barat,12160
1/3/2022,Jawa Barat,12273
1/4/2022,Jawa Barat,12306
1/5/2022,Jawa Barat,12315
1/6/2022,Jawa Barat,12411
1/7/2022,Jawa Barat,12617
1/8/2022,Jawa Barat,13523
1/9/2022,Jawa Barat,14069
1/10/2022,Jawa Barat,14577
1/11/2022,Jawa Barat,14981
1/12/2022,Jawa Barat,15536
1/13/2022,Jawa Barat,16212
1/14/2022,Jawa Barat,17032
1/15/2022,Jawa Barat,19026
1/16/2022,Jawa Barat,20301
1/17/2022,Jawa Barat,20199
1/18/2022,Jawa Barat,20033
1/19/2022,Jawa Barat,20331
1/20/2022,Jawa Barat,20648
1/21/2022,Jawa Barat,20219
1/22/2022,Jawa Barat,21291
1/23/2022,Jawa Barat,20965
1/24/2022,Jawa Barat,21518
1/25/2022,Jawa Barat,22307
1/26/2022,Jawa Barat,23970
1/27/2022,Jawa Barat,25262
1/28/2022,Jawa Barat,27304
1/29/2022,Jawa Barat,28896
1/30/2022,Jawa Barat,30827
1/31/2022,Jawa Barat,31153
2/1/2022,Jawa Barat,31567
2/2/2022,Jawa Barat,31277
2/3/2022,Jawa Barat,31618
2/4/2022,Jawa Barat,31262
2/5/2022,Jawa Barat,30677
2/6/2022,Jawa Barat,31527
2/7/2022,Jawa Barat,31413
2/8/2022,Jawa Barat,29766
2/9/2022,Jawa Barat,28308
2/10/2022,Jawa Barat,27903
2/11/2022,Jawa Barat,27807
2/12/2022,Jawa Barat,26903
2/13/2022,Jawa Barat,26155
2/14/2022,Jawa Barat,25339
2/15/2022,Jawa Barat,25016
2/16/2022,Jawa Barat,26934
2/17/2022,Jawa Barat,28352
2/18/2022,Jawa Barat,29514
2/19/2022,Jawa Barat,30685
2/20/2022,Jawa Barat,30127
2/21/2022,Jawa Barat,29521
2/22/2022,Jawa Barat,30485
2/23/2022,Jawa Barat,32747
2/24/2022,Jawa Barat,33552
2/25/2022,Jawa Barat,34959
2/26/2022,Jawa Barat,36398
2/27/2022,Jawa Barat,36618
2/28/2022,Jawa Barat,36803
3/1/2022,Jawa Barat,36769
3/2/2022,Jawa Barat,36135
3/3/2022,Jawa Barat,35748
3/4/2022,Jawa Barat,36217
3/5/2022,Jawa Barat,36298
3/6/2022,Jawa Barat,36066
3/7/2022,Jawa Barat,36892
3/8/2022,Jawa Barat,36650
3/9/2022,Jawa Barat,37410
3/10/2022,Jawa Barat,37711
3/11/2022,Jawa Barat,34274
3/12/2022,Jawa Barat,33106
3/13/2022,Jawa Barat,32438
3/14/2022,Jawa Barat,32619
3/15/2022,Jawa Barat,32361
3/16/2022,Jawa Barat,31822
3/17/2022,Jawa Barat,28983
3/18/2022,Jawa Barat,29030
3/19/2022,Jawa Barat,29400
3/20/2022,Jawa Barat,28503
3/21/2022,Jawa Barat,27674
3/22/2022,Jawa Barat,27826
3/23/2022,Jawa Barat,27607
3/24/2022,Jawa Barat,26460
3/25/2022,Jawa Barat,26473
3/26/2022,Jawa Barat,25832
3/27/2022,Jawa Barat,25024
3/28/2022,Jawa Barat,24712
3/29/2022,Jawa Barat,24946
3/30/2022,Jawa Barat,24807
3/31/2022,Jawa Barat,25054
4/1/2022,Jawa Barat,24726
4/2/2022,Jawa Barat,24899
4/3/2022,Jawa Barat,24865
4/4/2022,Jawa Barat,24905
4/5/2022,Jawa Barat,25118
4/6/2022,Jawa Barat,25369
4/7/2022,Jawa Barat,25443
4/8/2022,Jawa Barat,24921
4/9/2022,Jawa Barat,25378
4/10/2022,Jawa Barat,25891
4/11/2022,Jawa Barat,25968
4/12/2022,Jawa Barat,27061
4/13/2022,Jawa Barat,27421
4/14/2022,Jawa Barat,28303
4/15/2022,Jawa Barat,28126
4/16/2022,Jawa Barat,28507
4/17/2022,Jawa Barat,28634
4/18/2022,Jawa Barat,28987
4/19/2022,Jawa Barat,29547
4/20/2022,Jawa Barat,30282
4/21/2022,Jawa Barat,28934
4/22/2022,Jawa Barat,28926
4/23/2022,Jawa Barat,28938
4/24/2022,Jawa Barat,28555
4/25/2022,Jawa Barat,28834
4/26/2022,Jawa Barat,29924
4/27/2022,Jawa Barat,30225
4/28/2022,Jawa Barat,30534
4/29/2022,Jawa Barat,30483
4/30/2022,Jawa Barat,30454
5/1/2022,Jawa Barat,30443
5/2/2022,Jawa Barat,30626
5/3/2022,Jawa Barat,30958
5/4/2022,Jawa Barat,30461
5/5/2022,Jawa Barat,30144
5/6/2022,Jawa Barat,29588
5/7/2022,Jawa Barat,30173
5/8/2022,Jawa Barat,30394
5/9/2022,Jawa Barat,30321
5/10/2022,Jawa Barat,29071
5/11/2022,Jawa Barat,29353
5/12/2022,Jawa Barat,29392
5/13/2022,Jawa Barat,29181
5/14/2022,Jawa Barat,29104
5/15/2022,Jawa Barat,29246
5/16/2022,Jawa Barat,29590
5/17/2022,Jawa Barat,29782
5/18/2022,Jawa Barat,29255
5/19/2022,Jawa Barat,28944
5/20/2022,Jawa Barat,28938
5/21/2022,Jawa Barat,28523
5/22/2022,Jawa Barat,28866
5/23/2022,Jawa Barat,29117
5/24/2022,Jawa Barat,29068
5/25/2022,Jawa Barat,29057
5/26/2022,Jawa Barat,29045
5/27/2022,Jawa Barat,29343
5/28/2022,Jawa Barat,29610
5/29/2022,Jawa Barat,29637
5/30/2022,Jawa Barat,29785
5/31/2022,Jawa Barat,29877
6/1/2022,Jawa Barat,28718
6/2/2022,Jawa Barat,26749
6/3/2022,Jawa Barat,20258
6/4/2022,Jawa Barat,19450
6/5/2022,Jawa Barat,19725
6/6/2022,Jawa Barat,20225
6/7/2022,Jawa Barat,21019
6/8/2022,Jawa Barat,21070
6/9/2022,Jawa Barat,21772
6/10/2022,Jawa Barat,21827
6/11/2022,Jawa Barat,21654
6/12/2022,Jawa Barat,21750
6/13/2022,Jawa Barat,22271
6/14/2022,Jawa Barat,22034
6/15/2022,Jawa Barat,22529
6/16/2022,Jawa Barat,23602
6/17/2022,Jawa Barat,25289
6/18/2022,Jawa Barat,26739
6/19/2022,Jawa Barat,27782
6/20/2022,Jawa Barat,28756
6/21/2022,Jawa Barat,30202
6/22/2022,Jawa Barat,32571
6/23/2022,Jawa Barat,34413
6/24/2022,Jawa Barat,35717
6/25/2022,Jawa Barat,38219
6/26/2022,Jawa Barat,40736
6/27/2022,Jawa Barat,43436
6/28/2022,Jawa Barat,46961
6/29/2022,Jawa Barat,49617
6/30/2022,Jawa Barat,51825
7/1/2022,Jawa Barat,56655
7/2/2022,Jawa Barat,59965
7/3/2022,Jawa Barat,63045
7/4/2022,Jawa Barat,65330
7/5/2022,Jawa Barat,70596
7/6/2022,Jawa Barat,74263
7/7/2022,Jawa Barat,79082
7/8/2022,Jawa Barat,83459
7/9/2022,Jawa Barat,85748
7/10/2022,Jawa Barat,86511
7/11/2022,Jawa Barat,89363
7/12/2022,Jawa Barat,92681
7/13/2022,Jawa Barat,95559
7/14/2022,Jawa Barat,101742
7/15/2022,Jawa Barat,107580
7/16/2022,Jawa Barat,110834
7/17/2022,Jawa Barat,115257
7/18/2022,Jawa Barat,119048
7/19/2022,Jawa Barat,121035
7/20/2022,Jawa Barat,124826
7/21/2022,Jawa Barat,123795
7/22/2022,Jawa Barat,126865
7/23/2022,Jawa Barat,128759
7/24/2022,Jawa Barat,129522
7/25/2022,Jawa Barat,129560
7/26/2022,Jawa Barat,128847
7/27/2022,Jawa Barat,127787
7/28/2022,Jawa Barat,127881
7/29/2022,Jawa Barat,127345
7/30/2022,Jawa Barat,126732
7/31/2022,Jawa Barat,123826
8/1/2022,Jawa Barat,122965
8/2/2022,Jawa Barat,118967
8/3/2022,Jawa Barat,118075
8/4/2022,Jawa Barat,116549
8/5/2022,Jawa Barat,111462
8/6/2022,Jawa Barat,107907
8/7/2022,Jawa Barat,105913
8/8/2022,Jawa Barat,89300
8/9/2022,Jawa Barat,82802
8/10/2022,Jawa Barat,79033
8/11/2022,Jawa Barat,73967
8/12/2022,Jawa Barat,71226
8/13/2022,Jawa Barat,65365
8/14/2022,Jawa Barat,65000
8/15/2022,Jawa Barat,64154
8/16/2022,Jawa Barat,62027
8/17/2022,Jawa Barat,59686
8/18/2022,Jawa Barat,56337
8/19/2022,Jawa Barat,52684
8/20/2022,Jawa Barat,52087
8/21/2022,Jawa Barat,51837
8/22/2022,Jawa Barat,51140
8/23/2022,Jawa Barat,50984
8/24/2022,Jawa Barat,41673
8/25/2022,Jawa Barat,33381
8/26/2022,Jawa Barat,27706
8/27/2022,Jawa Barat,26468
8/28/2022,Jawa Barat,25743
8/29/2022,Jawa Barat,24802
8/30/2022,Jawa Barat,22598
8/31/2022,Jawa Barat,21401
9/1/2022,Jawa Barat,20823
9/2/2022,Jawa Barat,16724
9/3/2022,Jawa Barat,15132
9/4/2022,Jawa Barat,13066
9/5/2022,Jawa Barat,12608
9/6/2022,Jawa Barat,11135
9/7/2022,Jawa Barat,8812
9/8/2022,Jawa Barat,8325
9/9/2022,Jawa Barat,8117
9/10/2022,Jawa Barat,7719
9/11/2022,Jawa Barat,7862
9/12/2022,Jawa Barat,7447
9/13/2022,Jawa Barat,6945
9/14/2022,Jawa Barat,6609
9/15/2022,Jawa Barat,5983
9/16/2022,Jawa Barat,5565
9/17/2022,Jawa Barat,5506
9/18/2022,Jawa Barat,5308
9/19/2022,Jawa Barat,4850
9/20/2022,Jawa Barat,4504
9/21/2022,Jawa Barat,4215
9/22/2022,Jawa Barat,3986
9/23/2022,Jawa Barat,3843
9/24/2022,Jawa Barat,3719
9/25/2022,Jawa Barat,3691
9/26/2022,Jawa Barat,3546
9/27/2022,Jawa Barat,3260
9/28/2022,Jawa Barat,3220
9/29/2022,Jawa Barat,3017
9/30/2022,Jawa Barat,2879
3/21/2022,Jawa Tengah,11
3/22/2022,Jawa Tengah,12
3/23/2022,Jawa Tengah,12
3/24/2022,Jawa Tengah,16
3/25/2022,Jawa Tengah,34
3/26/2022,Jawa Tengah,34
3/27/2022,Jawa Tengah,37
3/28/2022,Jawa Tengah,48
3/29/2022,Jawa Tengah,56
3/30/2022,Jawa Tengah,74
3/31/2022,Jawa Tengah,86
4/1/2022,Jawa Tengah,97
4/2/2022,Jawa Tengah,97
4/3/2022,Jawa Tengah,85
4/4/2022,Jawa Tengah,91
4/5/2022,Jawa Tengah,88
4/6/2022,Jawa Tengah,96
4/7/2022,Jawa Tengah,97
4/8/2022,Jawa Tengah,104
4/9/2022,Jawa Tengah,104
4/10/2022,Jawa Tengah,104
4/11/2022,Jawa Tengah,104
4/12/2022,Jawa Tengah,156
4/13/2022,Jawa Tengah,159
4/14/2022,Jawa Tengah,233
4/15/2022,Jawa Tengah,246
4/16/2022,Jawa Tengah,254
4/17/2022,Jawa Tengah,227
4/18/2022,Jawa Tengah,244
4/19/2022,Jawa Tengah,254
4/20/2022,Jawa Tengah,256
4/21/2022,Jawa Tengah,354
4/22/2022,Jawa Tengah,372
4/23/2022,Jawa Tengah,431
4/24/2022,Jawa Tengah,463
4/25/2022,Jawa Tengah,509
4/26/2022,Jawa Tengah,519
4/27/2022,Jawa Tengah,520
4/28/2022,Jawa Tengah,535
4/29/2022,Jawa Tengah,551
4/30/2022,Jawa Tengah,563
5/1/2022,Jawa Tengah,574
5/2/2022,Jawa Tengah,593
5/3/2022,Jawa Tengah,602
5/4/2022,Jawa Tengah,624
5/5/2022,Jawa Tengah,655
5/6/2022,Jawa Tengah,682
5/7/2022,Jawa Tengah,695
5/8/2022,Jawa Tengah,707
5/9/2022,Jawa Tengah,720
5/10/2022,Jawa Tengah,739
5/11/2022,Jawa Tengah,685
5/12/2022,Jawa Tengah,694
5/13/2022,Jawa Tengah,728
5/14/2022,Jawa Tengah,771
5/15/2022,Jawa Tengah,805
5/16/2022,Jawa Tengah,823
5/17/2022,Jawa Tengah,840
5/18/2022,Jawa Tengah,843
5/19/2022,Jawa Tengah,853
5/20/2022,Jawa Tengah,869
5/21/2022,Jawa Tengah,892
5/22/2022,Jawa Tengah,909
5/23/2022,Jawa Tengah,963
5/24/2022,Jawa Tengah,980
5/25/2022,Jawa Tengah,981
5/26/2022,Jawa Tengah,970
5/27/2022,Jawa Tengah,981
5/28/2022,Jawa Tengah,990
5/29/2022,Jawa Tengah,944
5/30/2022,Jawa Tengah,941
5/31/2022,Jawa Tengah,972
6/1/2022,Jawa Tengah,977
6/2/2022,Jawa Tengah,991
6/3/2022,Jawa Tengah,1013
6/4/2022,Jawa Tengah,1036
6/5/2022,Jawa Tengah,1054
6/6/2022,Jawa Tengah,1079
6/7/2022,Jawa Tengah,1099
6/8/2022,Jawa Tengah,1116
6/9/2022,Jawa Tengah,1063
6/10/2022,Jawa Tengah,1084
6/11/2022,Jawa Tengah,1098
6/12/2022,Jawa Tengah,1092
6/13/2022,Jawa Tengah,1134
6/14/2022,Jawa Tengah,1226
6/15/2022,Jawa Tengah,1289
6/16/2022,Jawa Tengah,1315
6/17/2022,Jawa Tengah,1365
6/18/2022,Jawa Tengah,1381
6/19/2022,Jawa Tengah,1428
6/20/2022,Jawa Tengah,1506
6/21/2022,Jawa Tengah,1583
6/22/2022,Jawa Tengah,1603
6/23/2022,Jawa Tengah,1598
6/24/2022,Jawa Tengah,1662
6/25/2022,Jawa Tengah,1740
6/26/2022,Jawa Tengah,1917
6/27/2022,Jawa Tengah,2092
6/28/2022,Jawa Tengah,2266
6/29/2022,Jawa Tengah,2421
6/30/2022,Jawa Tengah,2524
7/1/2022,Jawa Tengah,2587
7/2/2022,Jawa Tengah,2632
7/3/2022,Jawa Tengah,2716
7/4/2022,Jawa Tengah,2761
7/5/2022,Jawa Tengah,2904
7/6/2022,Jawa Tengah,2956
7/7/2022,Jawa Tengah,3041
7/8/2022,Jawa Tengah,3171
7/9/2022,Jawa Tengah,3261
7/10/2022,Jawa Tengah,3213
7/11/2022,Jawa Tengah,3263
7/12/2022,Jawa Tengah,3298
7/13/2022,Jawa Tengah,3368
7/14/2022,Jawa Tengah,3418
7/15/2022,Jawa Tengah,3541
7/16/2022,Jawa Tengah,3666
7/17/2022,Jawa Tengah,3546
7/18/2022,Jawa Tengah,3562
7/19/2022,Jawa Tengah,3419
7/20/2022,Jawa Tengah,3437
7/21/2022,Jawa Tengah,3443
7/22/2022,Jawa Tengah,3562
7/23/2022,Jawa Tengah,3667
7/24/2022,Jawa Tengah,3651
7/25/2022,Jawa Tengah,3732
7/26/2022,Jawa Tengah,3698
7/27/2022,Jawa Tengah,3783
7/28/2022,Jawa Tengah,3740
7/29/2022,Jawa Tengah,3764
7/30/2022,Jawa Tengah,3536
7/31/2022,Jawa Tengah,3573
8/1/2022,Jawa Tengah,3402
8/2/2022,Jawa Tengah,3307
8/3/2022,Jawa Tengah,3282
8/4/2022,Jawa Tengah,3242
8/5/2022,Jawa Tengah,3221
8/6/2022,Jawa Tengah,3142
8/7/2022,Jawa Tengah,3171
8/8/2022,Jawa Tengah,3180
8/9/2022,Jawa Tengah,3255
8/10/2022,Jawa Tengah,3164
8/11/2022,Jawa Tengah,3157
8/12/2022,Jawa Tengah,3185
8/13/2022,Jawa Tengah,3272
8/14/2022,Jawa Tengah,3402
8/15/2022,Jawa Tengah,3468
8/16/2022,Jawa Tengah,3568
8/17/2022,Jawa Tengah,3557
8/18/2022,Jawa Tengah,3570
8/19/2022,Jawa Tengah,3563
8/20/2022,Jawa Tengah,3591
8/21/2022,Jawa Tengah,3582
8/22/2022,Jawa Tengah,3523
8/23/2022,Jawa Tengah,3641
8/24/2022,Jawa Tengah,3691
8/25/2022,Jawa Tengah,3744
8/26/2022,Jawa Tengah,3703
8/27/2022,Jawa Tengah,3707
8/28/2022,Jawa Tengah,3801
8/29/2022,Jawa Tengah,3881
8/30/2022,Jawa Tengah,3922
8/31/2022,Jawa Tengah,3993
9/1/2022,Jawa Tengah,4058
9/2/2022,Jawa Tengah,4091
9/3/2022,Jawa Tengah,4180
9/4/2022,Jawa Tengah,4245
9/5/2022,Jawa Tengah,4208
9/6/2022,Jawa Tengah,4249
9/7/2022,Jawa Tengah,4344
9/8/2022,Jawa Tengah,4427
9/9/2022,Jawa Tengah,4536
9/10/2022,Jawa Tengah,4761
9/11/2022,Jawa Tengah,5128
9/12/2022,Jawa Tengah,5352
9/13/2022,Jawa Tengah,5518
9/14/2022,Jawa Tengah,5439
9/15/2022,Jawa Tengah,5438
9/16/2022,Jawa Tengah,5640
9/17/2022,Jawa Tengah,5687
9/18/2022,Jawa Tengah,5457
9/19/2022,Jawa Tengah,5285
9/20/2022,Jawa Tengah,5279
9/21/2022,Jawa Tengah,5176
9/22/2022,Jawa Tengah,4956
9/23/2022,Jawa Tengah,4822
9/24/2022,Jawa Tengah,4542
9/25/2022,Jawa Tengah,4589
9/26/2022,Jawa Tengah,4727
9/27/2022,Jawa Tengah,4864
9/28/2022,Jawa Tengah,4959
9/29/2022,Jawa Tengah,4962
9/30/2022,Jawa Tengah,4987
10/1/2022,Jawa Tengah,5094
10/2/2022,Jawa Tengah,5218
10/3/2022,Jawa Tengah,5385
10/4/2022,Jawa Tengah,5513
10/5/2022,Jawa Tengah,5673
10/6/2022,Jawa Tengah,5725
10/7/2022,Jawa Tengah,5834
10/8/2022,Jawa Tengah,5902
10/9/2022,Jawa Tengah,6094
10/10/2022,Jawa Tengah,6217
10/11/2022,Jawa Tengah,6322
10/12/2022,Jawa Tengah,6274
10/13/2022,Jawa Tengah,6440
10/14/2022,Jawa Tengah,5819
10/15/2022,Jawa Tengah,4040
10/16/2022,Jawa Tengah,4078
10/17/2022,Jawa Tengah,4164
10/18/2022,Jawa Tengah,4125
10/19/2022,Jawa Tengah,4084
10/20/2022,Jawa Tengah,3913
10/21/2022,Jawa Tengah,3894
10/22/2022,Jawa Tengah,4033
10/23/2022,Jawa Tengah,4119
10/24/2022,Jawa Tengah,3953
10/25/2022,Jawa Tengah,3938
10/26/2022,Jawa Tengah,3775
10/27/2022,Jawa Tengah,3762
10/28/2022,Jawa Tengah,3743
10/29/2022,Jawa Tengah,3872
10/30/2022,Jawa Tengah,3753
10/31/2022,Jawa Tengah,4073
11/1/2022,Jawa Tengah,4188
11/2/2022,Jawa Tengah,4064
11/3/2022,Jawa Tengah,4064
11/4/2022,Jawa Tengah,4234
11/5/2022,Jawa Tengah,4249
11/6/2022,Jawa Tengah,4557
11/7/2022,Jawa Tengah,4717
11/8/2022,Jawa Tengah,5090
11/9/2022,Jawa Tengah,5402
11/10/2022,Jawa Tengah,5835
11/11/2022,Jawa Tengah,5675
11/12/2022,Jawa Tengah,5933
11/13/2022,Jawa Tengah,6939
11/14/2022,Jawa Tengah,7891
11/15/2022,Jawa Tengah,8665
11/16/2022,Jawa Tengah,9027
11/17/2022,Jawa Tengah,9277
11/18/2022,Jawa Tengah,9366
11/19/2022,Jawa Tengah,9469
11/20/2022,Jawa Tengah,9571
11/21/2022,Jawa Tengah,9975
11/22/2022,Jawa Tengah,9809
11/23/2022,Jawa Tengah,10494
11/24/2022,Jawa Tengah,11109
11/25/2022,Jawa Tengah,11746
11/26/2022,Jawa Tengah,12002
11/27/2022,Jawa Tengah,12534
11/28/2022,Jawa Tengah,13173
11/29/2022,Jawa Tengah,14376
11/30/2022,Jawa Tengah,13963
12/1/2022,Jawa Tengah,14210
12/2/2022,Jawa Tengah,14525
12/3/2022,Jawa Tengah,14951
12/4/2022,Jawa Tengah,15504
12/5/2022,Jawa Tengah,15890
12/6/2022,Jawa Tengah,16238
12/7/2022,Jawa Tengah,16538
12/8/2022,Jawa Tengah,16878
12/9/2022,Jawa Tengah,17418
12/10/2022,Jawa Tengah,17750
12/11/2022,Jawa Tengah,18434
12/12/2022,Jawa Tengah,19030
12/13/2022,Jawa Tengah,19686
12/14/2022,Jawa Tengah,19674
12/15/2022,Jawa Tengah,19538
12/16/2022,Jawa Tengah,19076
12/17/2022,Jawa Tengah,19377
12/18/2022,Jawa Tengah,19334
12/19/2022,Jawa Tengah,20077
12/20/2022,Jawa Tengah,20710
12/21/2022,Jawa Tengah,21172
12/22/2022,Jawa Tengah,21450
12/23/2022,Jawa Tengah,21800
12/24/2022,Jawa Tengah,22217
12/25/2022,Jawa Tengah,22006
12/26/2022,Jawa Tengah,22476
12/27/2022,Jawa Tengah,22580
12/28/2022,Jawa Tengah,22805
12/29/2022,Jawa Tengah,22976
12/30/2022,Jawa Tengah,23409
12/31/2022,Jawa Tengah,23745
1/1/2022,Jawa Tengah,24034
1/2/2022,Jawa Tengah,23995
1/3/2022,Jawa Tengah,24386
1/4/2022,Jawa Tengah,24351
1/5/2022,Jawa Tengah,23745
1/6/2022,Jawa Tengah,23707
1/7/2022,Jawa Tengah,23802
1/8/2022,Jawa Tengah,23957
1/9/2022,Jawa Tengah,24688
1/10/2022,Jawa Tengah,25573
1/11/2022,Jawa Tengah,25800
1/12/2022,Jawa Tengah,25719
1/13/2022,Jawa Tengah,26370
1/14/2022,Jawa Tengah,26638
1/15/2022,Jawa Tengah,27833
1/16/2022,Jawa Tengah,28940
1/17/2022,Jawa Tengah,30552
1/18/2022,Jawa Tengah,30848
1/19/2022,Jawa Tengah,31642
1/20/2022,Jawa Tengah,32819
1/21/2022,Jawa Tengah,33574
1/22/2022,Jawa Tengah,34686
1/23/2022,Jawa Tengah,35977
1/24/2022,Jawa Tengah,37462
1/25/2022,Jawa Tengah,36478
1/26/2022,Jawa Tengah,36368
1/27/2022,Jawa Tengah,36407
1/28/2022,Jawa Tengah,36486
1/29/2022,Jawa Tengah,37580
1/30/2022,Jawa Tengah,38521
1/31/2022,Jawa Tengah,39459
2/1/2022,Jawa Tengah,38365
2/2/2022,Jawa Tengah,38038
2/3/2022,Jawa Tengah,38803
2/4/2022,Jawa Tengah,39712
2/5/2022,Jawa Tengah,41067
2/6/2022,Jawa Tengah,42543
2/7/2022,Jawa Tengah,43498
2/8/2022,Jawa Tengah,43264
2/9/2022,Jawa Tengah,43499
2/10/2022,Jawa Tengah,43398
2/11/2022,Jawa Tengah,43620
2/12/2022,Jawa Tengah,44110
2/13/2022,Jawa Tengah,44207
2/14/2022,Jawa Tengah,44569
2/15/2022,Jawa Tengah,45198
2/16/2022,Jawa Tengah,45983
2/17/2022,Jawa Tengah,46609
2/18/2022,Jawa Tengah,46873
2/19/2022,Jawa Tengah,47599
2/20/2022,Jawa Tengah,47930
2/21/2022,Jawa Tengah,48177
2/22/2022,Jawa Tengah,48058
2/23/2022,Jawa Tengah,48094
2/24/2022,Jawa Tengah,48712
2/25/2022,Jawa Tengah,48231
2/26/2022,Jawa Tengah,47635
2/27/2022,Jawa Tengah,45699
2/28/2022,Jawa Tengah,43280
3/1/2022,Jawa Tengah,43030
3/2/2022,Jawa Tengah,43187
3/3/2022,Jawa Tengah,42389
3/4/2022,Jawa Tengah,42259
3/5/2022,Jawa Tengah,42906
3/6/2022,Jawa Tengah,43444
3/7/2022,Jawa Tengah,43263
3/8/2022,Jawa Tengah,41749
3/9/2022,Jawa Tengah,40732
3/10/2022,Jawa Tengah,40364
3/11/2022,Jawa Tengah,40275
3/12/2022,Jawa Tengah,39989
3/13/2022,Jawa Tengah,39920
3/14/2022,Jawa Tengah,39956
3/15/2022,Jawa Tengah,40070
3/16/2022,Jawa Tengah,39223
3/17/2022,Jawa Tengah,39093
3/18/2022,Jawa Tengah,38797
3/19/2022,Jawa Tengah,38502
3/20/2022,Jawa Tengah,38411
3/21/2022,Jawa Tengah,38406
3/22/2022,Jawa Tengah,37392
3/23/2022,Jawa Tengah,37092
3/24/2022,Jawa Tengah,36301
3/25/2022,Jawa Tengah,36269
3/26/2022,Jawa Tengah,35983
3/27/2022,Jawa Tengah,36030
3/28/2022,Jawa Tengah,36130
3/29/2022,Jawa Tengah,35583
3/30/2022,Jawa Tengah,35088
3/31/2022,Jawa Tengah,34907
4/1/2022,Jawa Tengah,34736
4/2/2022,Jawa Tengah,34827
4/3/2022,Jawa Tengah,34958
4/4/2022,Jawa Tengah,35111
4/5/2022,Jawa Tengah,33415
4/6/2022,Jawa Tengah,33236
4/7/2022,Jawa Tengah,31547
4/8/2022,Jawa Tengah,29586
4/9/2022,Jawa Tengah,27347
4/10/2022,Jawa Tengah,27312
4/11/2022,Jawa Tengah,27139
4/12/2022,Jawa Tengah,26599
4/13/2022,Jawa Tengah,25491
4/14/2022,Jawa Tengah,24406
4/15/2022,Jawa Tengah,23092
4/16/2022,Jawa Tengah,21847
4/17/2022,Jawa Tengah,20545
4/18/2022,Jawa Tengah,19575
4/19/2022,Jawa Tengah,18361
4/20/2022,Jawa Tengah,16653
4/21/2022,Jawa Tengah,15161
4/22/2022,Jawa Tengah,14091
4/23/2022,Jawa Tengah,12849
4/24/2022,Jawa Tengah,12494
4/25/2022,Jawa Tengah,12429
4/26/2022,Jawa Tengah,12533
4/27/2022,Jawa Tengah,12203
4/28/2022,Jawa Tengah,11736
4/29/2022,Jawa Tengah,10839
4/30/2022,Jawa Tengah,10241
5/1/2022,Jawa Tengah,10182
5/2/2022,Jawa Tengah,10263
5/3/2022,Jawa Tengah,10164
5/4/2022,Jawa Tengah,9844
5/5/2022,Jawa Tengah,9726
5/6/2022,Jawa Tengah,9659
5/7/2022,Jawa Tengah,9409
5/8/2022,Jawa Tengah,9091
5/9/2022,Jawa Tengah,8750
5/10/2022,Jawa Tengah,8782
5/11/2022,Jawa Tengah,8461
5/12/2022,Jawa Tengah,8254
5/13/2022,Jawa Tengah,7587
5/14/2022,Jawa Tengah,7277
5/15/2022,Jawa Tengah,7056
5/16/2022,Jawa Tengah,6987
5/17/2022,Jawa Tengah,6820
5/18/2022,Jawa Tengah,6728
5/19/2022,Jawa Tengah,6895
5/20/2022,Jawa Tengah,6949
5/21/2022,Jawa Tengah,7399
5/22/2022,Jawa Tengah,7734
5/23/2022,Jawa Tengah,7816
5/24/2022,Jawa Tengah,7821
5/25/2022,Jawa Tengah,8155
5/26/2022,Jawa Tengah,8429
5/27/2022,Jawa Tengah,8878
5/28/2022,Jawa Tengah,8958
5/29/2022,Jawa Tengah,9328
5/30/2022,Jawa Tengah,10050
5/31/2022,Jawa Tengah,10334
6/1/2022,Jawa Tengah,11040
6/2/2022,Jawa Tengah,11576
6/3/2022,Jawa Tengah,11783
6/4/2022,Jawa Tengah,12045
6/5/2022,Jawa Tengah,13000
6/6/2022,Jawa Tengah,13450
6/7/2022,Jawa Tengah,13652
6/8/2022,Jawa Tengah,14424
6/9/2022,Jawa Tengah,14926
6/10/2022,Jawa Tengah,15812
6/11/2022,Jawa Tengah,16032
6/12/2022,Jawa Tengah,16723
6/13/2022,Jawa Tengah,19122
6/14/2022,Jawa Tengah,19820
6/15/2022,Jawa Tengah,20572
6/16/2022,Jawa Tengah,21209
6/17/2022,Jawa Tengah,21932
6/18/2022,Jawa Tengah,22422
6/19/2022,Jawa Tengah,24026
6/20/2022,Jawa Tengah,25981
6/21/2022,Jawa Tengah,26988
6/22/2022,Jawa Tengah,27686
6/23/2022,Jawa Tengah,28204
6/24/2022,Jawa Tengah,30256
6/25/2022,Jawa Tengah,30322
6/26/2022,Jawa Tengah,32006
6/27/2022,Jawa Tengah,33805
6/28/2022,Jawa Tengah,34391
6/29/2022,Jawa Tengah,35757
6/30/2022,Jawa Tengah,35990
7/1/2022,Jawa Tengah,36759
7/2/2022,Jawa Tengah,37911
7/3/2022,Jawa Tengah,39447
7/4/2022,Jawa Tengah,41364
7/5/2022,Jawa Tengah,43110
7/6/2022,Jawa Tengah,45498
7/7/2022,Jawa Tengah,46039
7/8/2022,Jawa Tengah,47803
7/9/2022,Jawa Tengah,49098
7/10/2022,Jawa Tengah,50944
7/11/2022,Jawa Tengah,50943
7/12/2022,Jawa Tengah,50950
7/13/2022,Jawa Tengah,51618
7/14/2022,Jawa Tengah,53756
7/15/2022,Jawa Tengah,55663
7/16/2022,Jawa Tengah,56943
7/17/2022,Jawa Tengah,60673
7/18/2022,Jawa Tengah,61773
7/19/2022,Jawa Tengah,61869
7/20/2022,Jawa Tengah,60771
7/21/2022,Jawa Tengah,60659
7/22/2022,Jawa Tengah,59513
7/23/2022,Jawa Tengah,59470
7/24/2022,Jawa Tengah,60593
7/25/2022,Jawa Tengah,62175
7/26/2022,Jawa Tengah,61266
7/27/2022,Jawa Tengah,61352
7/28/2022,Jawa Tengah,61140
7/29/2022,Jawa Tengah,58727
7/30/2022,Jawa Tengah,57159
7/31/2022,Jawa Tengah,57147
8/1/2022,Jawa Tengah,56649
8/2/2022,Jawa Tengah,57298
8/3/2022,Jawa Tengah,57659
8/4/2022,Jawa Tengah,55173
8/5/2022,Jawa Tengah,51356
8/6/2022,Jawa Tengah,45972
8/7/2022,Jawa Tengah,46081
8/8/2022,Jawa Tengah,45053
8/9/2022,Jawa Tengah,42751
8/10/2022,Jawa Tengah,40469
8/11/2022,Jawa Tengah,38236
8/12/2022,Jawa Tengah,35694
8/13/2022,Jawa Tengah,35861
8/14/2022,Jawa Tengah,34809
8/15/2022,Jawa Tengah,34519
8/16/2022,Jawa Tengah,33839
8/17/2022,Jawa Tengah,31619
8/18/2022,Jawa Tengah,28393
8/19/2022,Jawa Tengah,27629
8/20/2022,Jawa Tengah,29538
8/21/2022,Jawa Tengah,28949
8/22/2022,Jawa Tengah,28069
8/23/2022,Jawa Tengah,27627
8/24/2022,Jawa Tengah,28006
8/25/2022,Jawa Tengah,27216
8/26/2022,Jawa Tengah,26758
8/27/2022,Jawa Tengah,26735
8/28/2022,Jawa Tengah,26748
8/29/2022,Jawa Tengah,25959
8/30/2022,Jawa Tengah,25483
8/31/2022,Jawa Tengah,24985
9/1/2022,Jawa Tengah,24668
9/2/2022,Jawa Tengah,20699
9/3/2022,Jawa Tengah,19999
9/4/2022,Jawa Tengah,19957
9/5/2022,Jawa Tengah,19901
9/6/2022,Jawa Tengah,19603
9/7/2022,Jawa Tengah,18917
9/8/2022,Jawa Tengah,18496
9/9/2022,Jawa Tengah,18303
9/10/2022,Jawa Tengah,18128
9/11/2022,Jawa Tengah,18030
9/12/2022,Jawa Tengah,16180
9/13/2022,Jawa Tengah,14472
9/14/2022,Jawa Tengah,12708
9/15/2022,Jawa Tengah,11084
9/16/2022,Jawa Tengah,9438
9/17/2022,Jawa Tengah,7735
9/18/2022,Jawa Tengah,6690
9/19/2022,Jawa Tengah,5497
9/20/2022,Jawa Tengah,3885
9/21/2022,Jawa Tengah,3777
9/22/2022,Jawa Tengah,3686
9/23/2022,Jawa Tengah,3755
9/24/2022,Jawa Tengah,3798
9/25/2022,Jawa Tengah,3885
9/26/2022,Jawa Tengah,3872
9/27/2022,Jawa Tengah,3795
9/28/2022,Jawa Tengah,3791
9/29/2022,Jawa Tengah,3684
9/30/2022,Jawa Tengah,3518
3/21/2022,DI Yogyakarta,4
3/22/2022,DI Yogyakarta,4
3/23/2022,DI Yogyakarta,4
3/24/2022,DI Yogyakarta,4
3/25/2022,DI Yogyakarta,14
3/26/2022,DI Yogyakarta,13
3/27/2022,DI Yogyakarta,19
3/28/2022,DI Yogyakarta,19
3/29/2022,DI Yogyakarta,19
3/30/2022,DI Yogyakarta,15
3/31/2022,DI Yogyakarta,20
4/1/2022,DI Yogyakarta,25
4/2/2022,DI Yogyakarta,23
4/3/2022,DI Yogyakarta,23
4/4/2022,DI Yogyakarta,29
4/5/2022,DI Yogyakarta,30
4/6/2022,DI Yogyakarta,36
4/7/2022,DI Yogyakarta,37
4/8/2022,DI Yogyakarta,28
4/9/2022,DI Yogyakarta,28
4/10/2022,DI Yogyakarta,28
4/11/2022,DI Yogyakarta,28
4/12/2022,DI Yogyakarta,28
4/13/2022,DI Yogyakarta,44
4/14/2022,DI Yogyakarta,37
4/15/2022,DI Yogyakarta,37
4/16/2022,DI Yogyakarta,33
4/17/2022,DI Yogyakarta,32
4/18/2022,DI Yogyakarta,34
4/19/2022,DI Yogyakarta,33
4/20/2022,DI Yogyakarta,34
4/21/2022,DI Yogyakarta,35
4/22/2022,DI Yogyakarta,38
4/23/2022,DI Yogyakarta,37
4/24/2022,DI Yogyakarta,34
4/25/2022,DI Yogyakarta,36
4/26/2022,DI Yogyakarta,39
4/27/2022,DI Yogyakarta,39
4/28/2022,DI Yogyakarta,47
4/29/2022,DI Yogyakarta,47
4/30/2022,DI Yogyakarta,45
5/1/2022,DI Yogyakarta,53
5/2/2022,DI Yogyakarta,59
5/3/2022,DI Yogyakarta,59
5/4/2022,DI Yogyakarta,58
5/5/2022,DI Yogyakarta,62
5/6/2022,DI Yogyakarta,62
5/7/2022,DI Yogyakarta,73
5/8/2022,DI Yogyakarta,77
5/9/2022,DI Yogyakarta,80
5/10/2022,DI Yogyakarta,86
5/11/2022,DI Yogyakarta,91
5/12/2022,DI Yogyakarta,99
5/13/2022,DI Yogyakarta,106
5/14/2022,DI Yogyakarta,110
5/15/2022,DI Yogyakarta,110
5/16/2022,DI Yogyakarta,109
5/17/2022,DI Yogyakarta,106
5/18/2022,DI Yogyakarta,102
5/19/2022,DI Yogyakarta,104
5/20/2022,DI Yogyakarta,104
5/21/2022,DI Yogyakarta,102
5/22/2022,DI Yogyakarta,95
5/23/2022,DI Yogyakarta,96
5/24/2022,DI Yogyakarta,96
5/25/2022,DI Yogyakarta,94
5/26/2022,DI Yogyakarta,87
5/27/2022,DI Yogyakarta,86
5/28/2022,DI Yogyakarta,78
5/29/2022,DI Yogyakarta,73
5/30/2022,DI Yogyakarta,67
5/31/2022,DI Yogyakarta,68
6/1/2022,DI Yogyakarta,63
6/2/2022,DI Yogyakarta,61
6/3/2022,DI Yogyakarta,59
6/4/2022,DI Yogyakarta,55
6/5/2022,DI Yogyakarta,56
6/6/2022,DI Yogyakarta,56
6/7/2022,DI Yogyakarta,54
6/8/2022,DI Yogyakarta,54
6/9/2022,DI Yogyakarta,50
6/10/2022,DI Yogyakarta,48
6/11/2022,DI Yogyakarta,49
6/12/2022,DI Yogyakarta,58
6/13/2022,DI Yogyakarta,52
6/14/2022,DI Yogyakarta,51
6/15/2022,DI Yogyakarta,53
6/16/2022,DI Yogyakarta,52
6/17/2022,DI Yogyakarta,52
6/18/2022,DI Yogyakarta,49
6/19/2022,DI Yogyakarta,43
6/20/2022,DI Yogyakarta,46
6/21/2022,DI Yogyakarta,49
6/22/2022,DI Yogyakarta,42
6/23/2022,DI Yogyakarta,45
6/24/2022,DI Yogyakarta,42
6/25/2022,DI Yogyakarta,44
6/26/2022,DI Yogyakarta,42
6/27/2022,DI Yogyakarta,39
6/28/2022,DI Yogyakarta,38
6/29/2022,DI Yogyakarta,37
6/30/2022,DI Yogyakarta,42
7/1/2022,DI Yogyakarta,42
7/2/2022,DI Yogyakarta,43
7/3/2022,DI Yogyakarta,45
7/4/2022,DI Yogyakarta,42
7/5/2022,DI Yogyakarta,47
7/6/2022,DI Yogyakarta,53
7/7/2022,DI Yogyakarta,56
7/8/2022,DI Yogyakarta,56
7/9/2022,DI Yogyakarta,61
7/10/2022,DI Yogyakarta,67
7/11/2022,DI Yogyakarta,70
7/12/2022,DI Yogyakarta,69
7/13/2022,DI Yogyakarta,74
7/14/2022,DI Yogyakarta,73
7/15/2022,DI Yogyakarta,77
7/16/2022,DI Yogyakarta,80
7/17/2022,DI Yogyakarta,83
7/18/2022,DI Yogyakarta,90
7/19/2022,DI Yogyakarta,97
7/20/2022,DI Yogyakarta,100
7/21/2022,DI Yogyakarta,123
7/22/2022,DI Yogyakarta,141
7/23/2022,DI Yogyakarta,146
7/24/2022,DI Yogyakarta,168
7/25/2022,DI Yogyakarta,177
7/26/2022,DI Yogyakarta,179
7/27/2022,DI Yogyakarta,191
7/28/2022,DI Yogyakarta,197
7/29/2022,DI Yogyakarta,200
7/30/2022,DI Yogyakarta,209
7/31/2022,DI Yogyakarta,255
8/1/2022,DI Yogyakarta,310
8/2/2022,DI Yogyakarta,318
8/3/2022,DI Yogyakarta,317
8/4/2022,DI Yogyakarta,315
8/5/2022,DI Yogyakarta,303
8/6/2022,DI Yogyakarta,301
8/7/2022,DI Yogyakarta,292
8/8/2022,DI Yogyakarta,279
8/9/2022,DI Yogyakarta,268
8/10/2022,DI Yogyakarta,258
8/11/2022,DI Yogyakarta,246
8/12/2022,DI Yogyakarta,241
8/13/2022,DI Yogyakarta,239
8/14/2022,DI Yogyakarta,260
8/15/2022,DI Yogyakarta,302
8/16/2022,DI Yogyakarta,322
8/17/2022,DI Yogyakarta,331
8/18/2022,DI Yogyakarta,335
8/19/2022,DI Yogyakarta,348
8/20/2022,DI Yogyakarta,342
8/21/2022,DI Yogyakarta,338
8/22/2022,DI Yogyakarta,337
8/23/2022,DI Yogyakarta,334
8/24/2022,DI Yogyakarta,327
8/25/2022,DI Yogyakarta,357
8/26/2022,DI Yogyakarta,336
8/27/2022,DI Yogyakarta,347
8/28/2022,DI Yogyakarta,343
8/29/2022,DI Yogyakarta,368
8/30/2022,DI Yogyakarta,384
8/31/2022,DI Yogyakarta,360
9/1/2022,DI Yogyakarta,370
9/2/2022,DI Yogyakarta,372
9/3/2022,DI Yogyakarta,389
9/4/2022,DI Yogyakarta,385
9/5/2022,DI Yogyakarta,385
9/6/2022,DI Yogyakarta,354
9/7/2022,DI Yogyakarta,336
9/8/2022,DI Yogyakarta,332
9/9/2022,DI Yogyakarta,329
9/10/2022,DI Yogyakarta,348
9/11/2022,DI Yogyakarta,381
9/12/2022,DI Yogyakarta,412
9/13/2022,DI Yogyakarta,452
9/14/2022,DI Yogyakarta,461
9/15/2022,DI Yogyakarta,472
9/16/2022,DI Yogyakarta,470
9/17/2022,DI Yogyakarta,491
9/18/2022,DI Yogyakarta,513
9/19/2022,DI Yogyakarta,566
9/20/2022,DI Yogyakarta,617
9/21/2022,DI Yogyakarta,642
9/22/2022,DI Yogyakarta,674
9/23/2022,DI Yogyakarta,680
9/24/2022,DI Yogyakarta,681
9/25/2022,DI Yogyakarta,717
9/26/2022,DI Yogyakarta,718
9/27/2022,DI Yogyakarta,711
9/28/2022,DI Yogyakarta,696
9/29/2022,DI Yogyakarta,684
9/30/2022,DI Yogyakarta,691
10/1/2022,DI Yogyakarta,677
10/2/2022,DI Yogyakarta,670
10/3/2022,DI Yogyakarta,722
10/4/2022,DI Yogyakarta,670
10/5/2022,DI Yogyakarta,615
10/6/2022,DI Yogyakarta,595
10/7/2022,DI Yogyakarta,595
10/8/2022,DI Yogyakarta,636
10/9/2022,DI Yogyakarta,659
10/10/2022,DI Yogyakarta,715
10/11/2022,DI Yogyakarta,712
10/12/2022,DI Yogyakarta,670
10/13/2022,DI Yogyakarta,668
10/14/2022,DI Yogyakarta,672
10/15/2022,DI Yogyakarta,660
10/16/2022,DI Yogyakarta,673
10/17/2022,DI Yogyakarta,649
10/18/2022,DI Yogyakarta,624
10/19/2022,DI Yogyakarta,567
10/20/2022,DI Yogyakarta,529
10/21/2022,DI Yogyakarta,539
10/22/2022,DI Yogyakarta,565
10/23/2022,DI Yogyakarta,568
10/24/2022,DI Yogyakarta,576
10/25/2022,DI Yogyakarta,552
10/26/2022,DI Yogyakarta,549
10/27/2022,DI Yogyakarta,557
10/28/2022,DI Yogyakarta,559
10/29/2022,DI Yogyakarta,589
10/30/2022,DI Yogyakarta,587
10/31/2022,DI Yogyakarta,595
11/1/2022,DI Yogyakarta,598
11/2/2022,DI Yogyakarta,580
11/3/2022,DI Yogyakarta,606
11/4/2022,DI Yogyakarta,597
11/5/2022,DI Yogyakarta,733
11/6/2022,DI Yogyakarta,727
11/7/2022,DI Yogyakarta,714
11/8/2022,DI Yogyakarta,714
11/9/2022,DI Yogyakarta,683
11/10/2022,DI Yogyakarta,685
11/11/2022,DI Yogyakarta,671
11/12/2022,DI Yogyakarta,723
11/13/2022,DI Yogyakarta,753
11/14/2022,DI Yogyakarta,780
11/15/2022,DI Yogyakarta,779
11/16/2022,DI Yogyakarta,831
11/17/2022,DI Yogyakarta,893
11/18/2022,DI Yogyakarta,1001
11/19/2022,DI Yogyakarta,1059
11/20/2022,DI Yogyakarta,1063
11/21/2022,DI Yogyakarta,1093
11/22/2022,DI Yogyakarta,1157
11/23/2022,DI Yogyakarta,1135
11/24/2022,DI Yogyakarta,1173
11/25/2022,DI Yogyakarta,1176
11/26/2022,DI Yogyakarta,1219
11/27/2022,DI Yogyakarta,1275
11/28/2022,DI Yogyakarta,1356
11/29/2022,DI Yogyakarta,1444
11/30/2022,DI Yogyakarta,1420
12/1/2022,DI Yogyakarta,1461
12/2/2022,DI Yogyakarta,1552
12/3/2022,DI Yogyakarta,1663
12/4/2022,DI Yogyakarta,1768
12/5/2022,DI Yogyakarta,1849
12/6/2022,DI Yogyakarta,1988
12/7/2022,DI Yogyakarta,2027
12/8/2022,DI Yogyakarta,2125
12/9/2022,DI Yogyakarta,2104
12/10/2022,DI Yogyakarta,2184
12/11/2022,DI Yogyakarta,2222
12/12/2022,DI Yogyakarta,2349
12/13/2022,DI Yogyakarta,2368
12/14/2022,DI Yogyakarta,2421
12/15/2022,DI Yogyakarta,2471
12/16/2022,DI Yogyakarta,2616
12/17/2022,DI Yogyakarta,2778
12/18/2022,DI Yogyakarta,2788
12/19/2022,DI Yogyakarta,2927
12/20/2022,DI Yogyakarta,2926
12/21/2022,DI Yogyakarta,2929
12/22/2022,DI Yogyakarta,3015
12/23/2022,DI Yogyakarta,3191
12/24/2022,DI Yogyakarta,3271
12/25/2022,DI Yogyakarta,3360
12/26/2022,DI Yogyakarta,3528
12/27/2022,DI Yogyakarta,3559
12/28/2022,DI Yogyakarta,3658
12/29/2022,DI Yogyakarta,3635
12/30/2022,DI Yogyakarta,3582
12/31/2022,DI Yogyakarta,3720
1/1/2022,DI Yogyakarta,3828
1/2/2022,DI Yogyakarta,3901
1/3/2022,DI Yogyakarta,3885
1/4/2022,DI Yogyakarta,3896
1/5/2022,DI Yogyakarta,4145
1/6/2022,DI Yogyakarta,4123
1/7/2022,DI Yogyakarta,4293
1/8/2022,DI Yogyakarta,4517
1/9/2022,DI Yogyakarta,4675
1/10/2022,DI Yogyakarta,4714
1/11/2022,DI Yogyakarta,4790
1/12/2022,DI Yogyakarta,4905
1/13/2022,DI Yogyakarta,5041
1/14/2022,DI Yogyakarta,5196
1/15/2022,DI Yogyakarta,5192
1/16/2022,DI Yogyakarta,5185
1/17/2022,DI Yogyakarta,5280
1/18/2022,DI Yogyakarta,5282
1/19/2022,DI Yogyakarta,5461
1/20/2022,DI Yogyakarta,5547
1/21/2022,DI Yogyakarta,5788
1/22/2022,DI Yogyakarta,5887
1/23/2022,DI Yogyakarta,6235
1/24/2022,DI Yogyakarta,6250
1/25/2022,DI Yogyakarta,6137
1/26/2022,DI Yogyakarta,6145
1/27/2022,DI Yogyakarta,6174
1/28/2022,DI Yogyakarta,6141
1/29/2022,DI Yogyakarta,6342
1/30/2022,DI Yogyakarta,6390
1/31/2022,DI Yogyakarta,6236
2/1/2022,DI Yogyakarta,6192
2/2/2022,DI Yogyakarta,6141
2/3/2022,DI Yogyakarta,6144
2/4/2022,DI Yogyakarta,6230
2/5/2022,DI Yogyakarta,6343
2/6/2022,DI Yogyakarta,6290
2/7/2022,DI Yogyakarta,6219
2/8/2022,DI Yogyakarta,6157
2/9/2022,DI Yogyakarta,6055
2/10/2022,DI Yogyakarta,6086
2/11/2022,DI Yogyakarta,6088
2/12/2022,DI Yogyakarta,6184
2/13/2022,DI Yogyakarta,5920
2/14/2022,DI Yogyakarta,5773
2/15/2022,DI Yogyakarta,5763
2/16/2022,DI Yogyakarta,5640
2/17/2022,DI Yogyakarta,5613
2/18/2022,DI Yogyakarta,5740
2/19/2022,DI Yogyakarta,5739
2/20/2022,DI Yogyakarta,5808
2/21/2022,DI Yogyakarta,5720
2/22/2022,DI Yogyakarta,5624
2/23/2022,DI Yogyakarta,5603
2/24/2022,DI Yogyakarta,5545
2/25/2022,DI Yogyakarta,5515
2/26/2022,DI Yogyakarta,5462
2/27/2022,DI Yogyakarta,5463
2/28/2022,DI Yogyakarta,5370
3/1/2022,DI Yogyakarta,5236
3/2/2022,DI Yogyakarta,5116
3/3/2022,DI Yogyakarta,5178
3/4/2022,DI Yogyakarta,5121
3/5/2022,DI Yogyakarta,5201
3/6/2022,DI Yogyakarta,5036
3/7/2022,DI Yogyakarta,5076
3/8/2022,DI Yogyakarta,5076
3/9/2022,DI Yogyakarta,5060
3/10/2022,DI Yogyakarta,5091
3/11/2022,DI Yogyakarta,4923
3/12/2022,DI Yogyakarta,4956
3/13/2022,DI Yogyakarta,4882
3/14/2022,DI Yogyakarta,4702
3/15/2022,DI Yogyakarta,4688
3/16/2022,DI Yogyakarta,4639
3/17/2022,DI Yogyakarta,4833
3/18/2022,DI Yogyakarta,4960
3/19/2022,DI Yogyakarta,4918
3/20/2022,DI Yogyakarta,5055
3/21/2022,DI Yogyakarta,5086
3/22/2022,DI Yogyakarta,5051
3/23/2022,DI Yogyakarta,5033
3/24/2022,DI Yogyakarta,5133
3/25/2022,DI Yogyakarta,5197
3/26/2022,DI Yogyakarta,5281
3/27/2022,DI Yogyakarta,5210
3/28/2022,DI Yogyakarta,5152
3/29/2022,DI Yogyakarta,5080
3/30/2022,DI Yogyakarta,5120
3/31/2022,DI Yogyakarta,5157
4/1/2022,DI Yogyakarta,5048
4/2/2022,DI Yogyakarta,5134
4/3/2022,DI Yogyakarta,5014
4/4/2022,DI Yogyakarta,4952
4/5/2022,DI Yogyakarta,4859
4/6/2022,DI Yogyakarta,4878
4/7/2022,DI Yogyakarta,4949
4/8/2022,DI Yogyakarta,4954
4/9/2022,DI Yogyakarta,5019
4/10/2022,DI Yogyakarta,5065
4/11/2022,DI Yogyakarta,4986
4/12/2022,DI Yogyakarta,4849
4/13/2022,DI Yogyakarta,4843
4/14/2022,DI Yogyakarta,4840
4/15/2022,DI Yogyakarta,4789
4/16/2022,DI Yogyakarta,4801
4/17/2022,DI Yogyakarta,4669
4/18/2022,DI Yogyakarta,4581
4/19/2022,DI Yogyakarta,4577
4/20/2022,DI Yogyakarta,4540
4/21/2022,DI Yogyakarta,4518
4/22/2022,DI Yogyakarta,4493
4/23/2022,DI Yogyakarta,4365
4/24/2022,DI Yogyakarta,4248
4/25/2022,DI Yogyakarta,4215
4/26/2022,DI Yogyakarta,4172
4/27/2022,DI Yogyakarta,4119
4/28/2022,DI Yogyakarta,4206
4/29/2022,DI Yogyakarta,4150
4/30/2022,DI Yogyakarta,4153
5/1/2022,DI Yogyakarta,3947
5/2/2022,DI Yogyakarta,3814
5/3/2022,DI Yogyakarta,3634
5/4/2022,DI Yogyakarta,3529
5/5/2022,DI Yogyakarta,3494
5/6/2022,DI Yogyakarta,3399
5/7/2022,DI Yogyakarta,3301
5/8/2022,DI Yogyakarta,3167
5/9/2022,DI Yogyakarta,3095
5/10/2022,DI Yogyakarta,3017
5/11/2022,DI Yogyakarta,2860
5/12/2022,DI Yogyakarta,2837
5/13/2022,DI Yogyakarta,2698
5/14/2022,DI Yogyakarta,2617
5/15/2022,DI Yogyakarta,2440
5/16/2022,DI Yogyakarta,2412
5/17/2022,DI Yogyakarta,2370
5/18/2022,DI Yogyakarta,2310
5/19/2022,DI Yogyakarta,2337
5/20/2022,DI Yogyakarta,2371
5/21/2022,DI Yogyakarta,2296
5/22/2022,DI Yogyakarta,2216
5/23/2022,DI Yogyakarta,2177
5/24/2022,DI Yogyakarta,2119
5/25/2022,DI Yogyakarta,2133
5/26/2022,DI Yogyakarta,2125
5/27/2022,DI Yogyakarta,2099
5/28/2022,DI Yogyakarta,2080
5/29/2022,DI Yogyakarta,2113
5/30/2022,DI Yogyakarta,2110
5/31/2022,DI Yogyakarta,2120
6/1/2022,DI Yogyakarta,2152
6/2/2022,DI Yogyakarta,2286
6/3/2022,DI Yogyakarta,2340
6/4/2022,DI Yogyakarta,2473
6/5/2022,DI Yogyakarta,2510
6/6/2022,DI Yogyakarta,2589
6/7/2022,DI Yogyakarta,2630
6/8/2022,DI Yogyakarta,2660
6/9/2022,DI Yogyakarta,2747
6/10/2022,DI Yogyakarta,2960
6/11/2022,DI Yogyakarta,3151
6/12/2022,DI Yogyakarta,3367
6/13/2022,DI Yogyakarta,3600
6/14/2022,DI Yogyakarta,3815
6/15/2022,DI Yogyakarta,4025
6/16/2022,DI Yogyakarta,4266
6/17/2022,DI Yogyakarta,4573
6/18/2022,DI Yogyakarta,4916
6/19/2022,DI Yogyakarta,5269
6/20/2022,DI Yogyakarta,5639
6/21/2022,DI Yogyakarta,6071
6/22/2022,DI Yogyakarta,6471
6/23/2022,DI Yogyakarta,6875
6/24/2022,DI Yogyakarta,7397
6/25/2022,DI Yogyakarta,7887
6/26/2022,DI Yogyakarta,8414
6/27/2022,DI Yogyakarta,8917
6/28/2022,DI Yogyakarta,9414
6/29/2022,DI Yogyakarta,9856
6/30/2022,DI Yogyakarta,10367
7/1/2022,DI Yogyakarta,10860
7/2/2022,DI Yogyakarta,11405
7/3/2022,DI Yogyakarta,12303
7/4/2022,DI Yogyakarta,13356
7/5/2022,DI Yogyakarta,14166
7/6/2022,DI Yogyakarta,14721
7/7/2022,DI Yogyakarta,15259
7/8/2022,DI Yogyakarta,15727
7/9/2022,DI Yogyakarta,16446
7/10/2022,DI Yogyakarta,17501
7/11/2022,DI Yogyakarta,18636
7/12/2022,DI Yogyakarta,19538
7/13/2022,DI Yogyakarta,21387
7/14/2022,DI Yogyakarta,22628
7/15/2022,DI Yogyakarta,24253
7/16/2022,DI Yogyakarta,24614
7/17/2022,DI Yogyakarta,25983
7/18/2022,DI Yogyakarta,27274
7/19/2022,DI Yogyakarta,27875
7/20/2022,DI Yogyakarta,28527
7/21/2022,DI Yogyakarta,29050
7/22/2022,DI Yogyakarta,29906
7/23/2022,DI Yogyakarta,30264
7/24/2022,DI Yogyakarta,30711
7/25/2022,DI Yogyakarta,31681
7/26/2022,DI Yogyakarta,33253
7/27/2022,DI Yogyakarta,34755
7/28/2022,DI Yogyakarta,35729
7/29/2022,DI Yogyakarta,36481
7/30/2022,DI Yogyakarta,36512
7/31/2022,DI Yogyakarta,36662
8/1/2022,DI Yogyakarta,37019
8/2/2022,DI Yogyakarta,37031
8/3/2022,DI Yogyakarta,37385
8/4/2022,DI Yogyakarta,38078
8/5/2022,DI Yogyakarta,38342
8/6/2022,DI Yogyakarta,37820
8/7/2022,DI Yogyakarta,36999
8/8/2022,DI Yogyakarta,36052
8/9/2022,DI Yogyakarta,33512
8/10/2022,DI Yogyakarta,32289
8/11/2022,DI Yogyakarta,30369
8/12/2022,DI Yogyakarta,28652
8/13/2022,DI Yogyakarta,26888
8/14/2022,DI Yogyakarta,27174
8/15/2022,DI Yogyakarta,26708
8/16/2022,DI Yogyakarta,26193
8/17/2022,DI Yogyakarta,24439
8/18/2022,DI Yogyakarta,22729
8/19/2022,DI Yogyakarta,21726
8/20/2022,DI Yogyakarta,20152
8/21/2022,DI Yogyakarta,18506
8/22/2022,DI Yogyakarta,18127
8/23/2022,DI Yogyakarta,17042
8/24/2022,DI Yogyakarta,16028
8/25/2022,DI Yogyakarta,15655
8/26/2022,DI Yogyakarta,15052
8/27/2022,DI Yogyakarta,14605
8/28/2022,DI Yogyakarta,14045
8/29/2022,DI Yogyakarta,13684
8/30/2022,DI Yogyakarta,12914
8/31/2022,DI Yogyakarta,12293
9/1/2022,DI Yogyakarta,11707
9/2/2022,DI Yogyakarta,11018
9/3/2022,DI Yogyakarta,10274
9/4/2022,DI Yogyakarta,9334
9/5/2022,DI Yogyakarta,8592
9/6/2022,DI Yogyakarta,8127
9/7/2022,DI Yogyakarta,7580
9/8/2022,DI Yogyakarta,7128
9/9/2022,DI Yogyakarta,6636
9/10/2022,DI Yogyakarta,6176
9/11/2022,DI Yogyakarta,5783
9/12/2022,DI Yogyakarta,5472
9/13/2022,DI Yogyakarta,5217
9/14/2022,DI Yogyakarta,4909
9/15/2022,DI Yogyakarta,4584
9/16/2022,DI Yogyakarta,4075
9/17/2022,DI Yogyakarta,3756
9/18/2022,DI Yogyakarta,3473
9/19/2022,DI Yogyakarta,3239
9/20/2022,DI Yogyakarta,2953
9/21/2022,DI Yogyakarta,2736
9/22/2022,DI Yogyakarta,2572
9/23/2022,DI Yogyakarta,2249
9/24/2022,DI Yogyakarta,2078
9/25/2022,DI Yogyakarta,1920
9/26/2022,DI Yogyakarta,1863
9/27/2022,DI Yogyakarta,1761
9/28/2022,DI Yogyakarta,1697
9/29/2022,DI Yogyakarta,1642
9/30/2022,DI Yogyakarta,1514
3/21/2022,Banten,40
3/22/2022,Banten,43
3/23/2022,Banten,52
3/24/2022,Banten,60
3/25/2022,Banten,62
3/26/2022,Banten,62
3/27/2022,Banten,79
3/28/2022,Banten,98
3/29/2022,Banten,101
3/30/2022,Banten,123
3/31/2022,Banten,136
4/1/2022,Banten,131
4/2/2022,Banten,143
4/3/2022,Banten,149
4/4/2022,Banten,149
4/5/2022,Banten,153
4/6/2022,Banten,163
4/7/2022,Banten,169
4/8/2022,Banten,187
4/9/2022,Banten,191
4/10/2022,Banten,215
4/11/2022,Banten,251
4/12/2022,Banten,253
4/13/2022,Banten,256
4/14/2022,Banten,251
4/15/2022,Banten,249
4/16/2022,Banten,258
4/17/2022,Banten,268
4/18/2022,Banten,278
4/19/2022,Banten,281
4/20/2022,Banten,289
4/21/2022,Banten,289
4/22/2022,Banten,273
4/23/2022,Banten,273
4/24/2022,Banten,287
4/25/2022,Banten,298
4/26/2022,Banten,298
4/27/2022,Banten,309
4/28/2022,Banten,314
4/29/2022,Banten,314
4/30/2022,Banten,329
5/1/2022,Banten,343
5/2/2022,Banten,352
5/3/2022,Banten,357
5/4/2022,Banten,371
5/5/2022,Banten,300
5/6/2022,Banten,324
5/7/2022,Banten,317
5/8/2022,Banten,327
5/9/2022,Banten,345
5/10/2022,Banten,355
5/11/2022,Banten,339
5/12/2022,Banten,350
5/13/2022,Banten,366
5/14/2022,Banten,378
5/15/2022,Banten,404
5/16/2022,Banten,407
5/17/2022,Banten,430
5/18/2022,Banten,453
5/19/2022,Banten,474
5/20/2022,Banten,475
5/21/2022,Banten,517
5/22/2022,Banten,530
5/23/2022,Banten,530
5/24/2022,Banten,547
5/25/2022,Banten,547
5/26/2022,Banten,563
5/27/2022,Banten,570
5/28/2022,Banten,560
5/29/2022,Banten,559
5/30/2022,Banten,545
5/31/2022,Banten,548
6/1/2022,Banten,546
6/2/2022,Banten,541
6/3/2022,Banten,612
6/4/2022,Banten,617
6/5/2022,Banten,595
6/6/2022,Banten,589
6/7/2022,Banten,594
6/8/2022,Banten,604
6/9/2022,Banten,598
6/10/2022,Banten,622
6/11/2022,Banten,635
6/12/2022,Banten,664
6/13/2022,Banten,734
6/14/2022,Banten,721
6/15/2022,Banten,704
6/16/2022,Banten,713
6/17/2022,Banten,722
6/18/2022,Banten,713
6/19/2022,Banten,714
6/20/2022,Banten,699
6/21/2022,Banten,706
6/22/2022,Banten,712
6/23/2022,Banten,711
6/24/2022,Banten,721
6/25/2022,Banten,730
6/26/2022,Banten,732
6/27/2022,Banten,742
6/28/2022,Banten,731
6/29/2022,Banten,730
6/30/2022,Banten,735
7/1/2022,Banten,727
7/2/2022,Banten,513
7/3/2022,Banten,482
7/4/2022,Banten,486
7/5/2022,Banten,488
7/6/2022,Banten,496
7/7/2022,Banten,499
7/8/2022,Banten,506
7/9/2022,Banten,497
7/10/2022,Banten,482
7/11/2022,Banten,460
7/12/2022,Banten,422
7/13/2022,Banten,424
7/14/2022,Banten,421
7/15/2022,Banten,391
7/16/2022,Banten,392
7/17/2022,Banten,391
7/18/2022,Banten,386
7/19/2022,Banten,404
7/20/2022,Banten,399
7/21/2022,Banten,388
7/22/2022,Banten,384
7/23/2022,Banten,390
7/24/2022,Banten,397
7/25/2022,Banten,395
7/26/2022,Banten,397
7/27/2022,Banten,384
7/28/2022,Banten,387
7/29/2022,Banten,391
7/30/2022,Banten,403
7/31/2022,Banten,391
8/1/2022,Banten,402
8/2/2022,Banten,396
8/3/2022,Banten,389
8/4/2022,Banten,409
8/5/2022,Banten,427
8/6/2022,Banten,430
8/7/2022,Banten,445
8/8/2022,Banten,466
8/9/2022,Banten,489
8/10/2022,Banten,511
8/11/2022,Banten,521
8/12/2022,Banten,550
8/13/2022,Banten,538
8/14/2022,Banten,549
8/15/2022,Banten,562
8/16/2022,Banten,586
8/17/2022,Banten,584
8/18/2022,Banten,639
8/19/2022,Banten,655
8/20/2022,Banten,668
8/21/2022,Banten,670
8/22/2022,Banten,680
8/23/2022,Banten,692
8/24/2022,Banten,711
8/25/2022,Banten,727
8/26/2022,Banten,726
8/27/2022,Banten,764
8/28/2022,Banten,790
8/29/2022,Banten,742
8/30/2022,Banten,746
8/31/2022,Banten,752
9/1/2022,Banten,713
9/2/2022,Banten,758
9/3/2022,Banten,767
9/4/2022,Banten,762
9/5/2022,Banten,782
9/6/2022,Banten,839
9/7/2022,Banten,878
9/8/2022,Banten,911
9/9/2022,Banten,927
9/10/2022,Banten,938
9/11/2022,Banten,946
9/12/2022,Banten,927
9/13/2022,Banten,943
9/14/2022,Banten,975
9/15/2022,Banten,1008
9/16/2022,Banten,1097
9/17/2022,Banten,1171
9/18/2022,Banten,1285
9/19/2022,Banten,1390
9/20/2022,Banten,1532
9/21/2022,Banten,1591
9/22/2022,Banten,1582
9/23/2022,Banten,1751
9/24/2022,Banten,1797
9/25/2022,Banten,1670
9/26/2022,Banten,1758
9/27/2022,Banten,1645
9/28/2022,Banten,1645
9/29/2022,Banten,1645
9/30/2022,Banten,1508
10/1/2022,Banten,1468
10/2/2022,Banten,1434
10/3/2022,Banten,1467
10/4/2022,Banten,1563
10/5/2022,Banten,1627
10/6/2022,Banten,1625
10/7/2022,Banten,1582
10/8/2022,Banten,1605
10/9/2022,Banten,1660
10/10/2022,Banten,1739
10/11/2022,Banten,1756
10/12/2022,Banten,1757
10/13/2022,Banten,1773
10/14/2022,Banten,1750
10/15/2022,Banten,1609
10/16/2022,Banten,1626
10/17/2022,Banten,1632
10/18/2022,Banten,1600
10/19/2022,Banten,1659
10/20/2022,Banten,1614
10/21/2022,Banten,1636
10/22/2022,Banten,1777
10/23/2022,Banten,1843
10/24/2022,Banten,1858
10/25/2022,Banten,1962
10/26/2022,Banten,1818
10/27/2022,Banten,1841
10/28/2022,Banten,1916
10/29/2022,Banten,1927
10/30/2022,Banten,1850
10/31/2022,Banten,1799
11/1/2022,Banten,1781
11/2/2022,Banten,1801
11/3/2022,Banten,1807
11/4/2022,Banten,1787
11/5/2022,Banten,1764
11/6/2022,Banten,1758
11/7/2022,Banten,1788
11/8/2022,Banten,1770
11/9/2022,Banten,1842
11/10/2022,Banten,1897
11/11/2022,Banten,2020
11/12/2022,Banten,2115
11/13/2022,Banten,2225
11/14/2022,Banten,2380
11/15/2022,Banten,2539
11/16/2022,Banten,2538
11/17/2022,Banten,2525
11/18/2022,Banten,2579
11/19/2022,Banten,2738
11/20/2022,Banten,2838
11/21/2022,Banten,2997
11/22/2022,Banten,3111
11/23/2022,Banten,3267
11/24/2022,Banten,3398
11/25/2022,Banten,3440
11/26/2022,Banten,3509
11/27/2022,Banten,3580
11/28/2022,Banten,3652
11/29/2022,Banten,3703
11/30/2022,Banten,3815
12/1/2022,Banten,3913
12/2/2022,Banten,3948
12/3/2022,Banten,4034
12/4/2022,Banten,4143
12/5/2022,Banten,4213
12/6/2022,Banten,4289
12/7/2022,Banten,4381
12/8/2022,Banten,4458
12/9/2022,Banten,4538
12/10/2022,Banten,4670
12/11/2022,Banten,4798
12/12/2022,Banten,4957
12/13/2022,Banten,5048
12/14/2022,Banten,5155
12/15/2022,Banten,5295
12/16/2022,Banten,5399
12/17/2022,Banten,5498
12/18/2022,Banten,5599
12/19/2022,Banten,5768
12/20/2022,Banten,5934
12/21/2022,Banten,6093
12/22/2022,Banten,6310
12/23/2022,Banten,6473
12/24/2022,Banten,6447
12/25/2022,Banten,6571
12/26/2022,Banten,6785
12/27/2022,Banten,6891
12/28/2022,Banten,6987
12/29/2022,Banten,7002
12/30/2022,Banten,7161
12/31/2022,Banten,7348
1/1/2022,Banten,7618
1/2/2022,Banten,7781
1/3/2022,Banten,7888
1/4/2022,Banten,8019
1/5/2022,Banten,8137
1/6/2022,Banten,8169
1/7/2022,Banten,8442
1/8/2022,Banten,8660
1/9/2022,Banten,8910
1/10/2022,Banten,8911
1/11/2022,Banten,9013
1/12/2022,Banten,9119
1/13/2022,Banten,9290
1/14/2022,Banten,9494
1/15/2022,Banten,9672
1/16/2022,Banten,9912
1/17/2022,Banten,10169
1/18/2022,Banten,10240
1/19/2022,Banten,10383
1/20/2022,Banten,10581
1/21/2022,Banten,10769
1/22/2022,Banten,10964
1/23/2022,Banten,11204
1/24/2022,Banten,11448
1/25/2022,Banten,11429
1/26/2022,Banten,11609
1/27/2022,Banten,11073
1/28/2022,Banten,10665
1/29/2022,Banten,10065
1/30/2022,Banten,10305
1/31/2022,Banten,9879
2/1/2022,Banten,9841
2/2/2022,Banten,9664
2/3/2022,Banten,9499
2/4/2022,Banten,9191
2/5/2022,Banten,9230
2/6/2022,Banten,9110
2/7/2022,Banten,8655
2/8/2022,Banten,7736
2/9/2022,Banten,6811
2/10/2022,Banten,6587
2/11/2022,Banten,6553
2/12/2022,Banten,6687
2/13/2022,Banten,6766
2/14/2022,Banten,6827
2/15/2022,Banten,6926
2/16/2022,Banten,7179
2/17/2022,Banten,7470
2/18/2022,Banten,7281
2/19/2022,Banten,7010
2/20/2022,Banten,6757
2/21/2022,Banten,6641
2/22/2022,Banten,6531
2/23/2022,Banten,6622
2/24/2022,Banten,6658
2/25/2022,Banten,6829
2/26/2022,Banten,6795
2/27/2022,Banten,6787
2/28/2022,Banten,6813
3/1/2022,Banten,6783
3/2/2022,Banten,6699
3/3/2022,Banten,6744
3/4/2022,Banten,6739
3/5/2022,Banten,7134
3/6/2022,Banten,6415
3/7/2022,Banten,6415
3/8/2022,Banten,6664
3/9/2022,Banten,6519
3/10/2022,Banten,6606
3/11/2022,Banten,6570
3/12/2022,Banten,6962
3/13/2022,Banten,7049
3/14/2022,Banten,6970
3/15/2022,Banten,6750
3/16/2022,Banten,6628
3/17/2022,Banten,6685
3/18/2022,Banten,6365
3/19/2022,Banten,6141
3/20/2022,Banten,6119
3/21/2022,Banten,5818
3/22/2022,Banten,6039
3/23/2022,Banten,5734
3/24/2022,Banten,5938
3/25/2022,Banten,6015
3/26/2022,Banten,5684
3/27/2022,Banten,5877
3/28/2022,Banten,5930
3/29/2022,Banten,6145
3/30/2022,Banten,6340
3/31/2022,Banten,6290
4/1/2022,Banten,5165
4/2/2022,Banten,4495
4/3/2022,Banten,3837
4/4/2022,Banten,721
4/5/2022,Banten,894
4/6/2022,Banten,1029
4/7/2022,Banten,1164
4/8/2022,Banten,1247
4/9/2022,Banten,1325
4/10/2022,Banten,1397
4/11/2022,Banten,1436
4/12/2022,Banten,1710
4/13/2022,Banten,1842
4/14/2022,Banten,1875
4/15/2022,Banten,1910
4/16/2022,Banten,2005
4/17/2022,Banten,2021
4/18/2022,Banten,1822
4/19/2022,Banten,1860
4/20/2022,Banten,1929
4/21/2022,Banten,1907
4/22/2022,Banten,1915
4/23/2022,Banten,1988
4/24/2022,Banten,1924
4/25/2022,Banten,1866
4/26/2022,Banten,1915
4/27/2022,Banten,2009
4/28/2022,Banten,2015
4/29/2022,Banten,1931
4/30/2022,Banten,1961
5/1/2022,Banten,1986
5/2/2022,Banten,1971
5/3/2022,Banten,2053
5/4/2022,Banten,1998
5/5/2022,Banten,1875
5/6/2022,Banten,1902
5/7/2022,Banten,1920
5/8/2022,Banten,1965
5/9/2022,Banten,1852
5/10/2022,Banten,1869
5/11/2022,Banten,1905
5/12/2022,Banten,1937
5/13/2022,Banten,1970
5/14/2022,Banten,1994
5/15/2022,Banten,1917
5/16/2022,Banten,1939
5/17/2022,Banten,1670
5/18/2022,Banten,1697
5/19/2022,Banten,1685
5/20/2022,Banten,1427
5/21/2022,Banten,1403
5/22/2022,Banten,1365
5/23/2022,Banten,1347
5/24/2022,Banten,1344
5/25/2022,Banten,1422
5/26/2022,Banten,1443
5/27/2022,Banten,1552
5/28/2022,Banten,1541
5/29/2022,Banten,1538
5/30/2022,Banten,1524
5/31/2022,Banten,1396
6/1/2022,Banten,1484
6/2/2022,Banten,1498
6/3/2022,Banten,1508
6/4/2022,Banten,1624
6/5/2022,Banten,1678
6/6/2022,Banten,1693
6/7/2022,Banten,1751
6/8/2022,Banten,1803
6/9/2022,Banten,1880
6/10/2022,Banten,2014
6/11/2022,Banten,2064
6/12/2022,Banten,2191
6/13/2022,Banten,2335
6/14/2022,Banten,2534
6/15/2022,Banten,2620
6/16/2022,Banten,2736
6/17/2022,Banten,2867
6/18/2022,Banten,2949
6/19/2022,Banten,3115
6/20/2022,Banten,3188
6/21/2022,Banten,3428
6/22/2022,Banten,3652
6/23/2022,Banten,3698
6/24/2022,Banten,4096
6/25/2022,Banten,4374
6/26/2022,Banten,4617
6/27/2022,Banten,5007
6/28/2022,Banten,5300
6/29/2022,Banten,5610
6/30/2022,Banten,6005
7/1/2022,Banten,6284
7/2/2022,Banten,6561
7/3/2022,Banten,7248
7/4/2022,Banten,7827
7/5/2022,Banten,8340
7/6/2022,Banten,8523
7/7/2022,Banten,8954
7/8/2022,Banten,9309
7/9/2022,Banten,9770
7/10/2022,Banten,9867
7/11/2022,Banten,10232
7/12/2022,Banten,12541
7/13/2022,Banten,15569
7/14/2022,Banten,19059
7/15/2022,Banten,22159
7/16/2022,Banten,25019
7/17/2022,Banten,27963
7/18/2022,Banten,30783
7/19/2022,Banten,32545
7/20/2022,Banten,34920
7/21/2022,Banten,35478
7/22/2022,Banten,38016
7/23/2022,Banten,40197
7/24/2022,Banten,42052
7/25/2022,Banten,43153
7/26/2022,Banten,43238
7/27/2022,Banten,43898
7/28/2022,Banten,43855
7/29/2022,Banten,41332
7/30/2022,Banten,40084
7/31/2022,Banten,37384
8/1/2022,Banten,30593
8/2/2022,Banten,28302
8/3/2022,Banten,28274
8/4/2022,Banten,26750
8/5/2022,Banten,26925
8/6/2022,Banten,21013
8/7/2022,Banten,19186
8/8/2022,Banten,17539
8/9/2022,Banten,15358
8/10/2022,Banten,14675
8/11/2022,Banten,14076
8/12/2022,Banten,14096
8/13/2022,Banten,10968
8/14/2022,Banten,10503
8/15/2022,Banten,9465
8/16/2022,Banten,8254
8/17/2022,Banten,7322
8/18/2022,Banten,6886
8/19/2022,Banten,6856
8/20/2022,Banten,6831
8/21/2022,Banten,7047
8/22/2022,Banten,6397
8/23/2022,Banten,5551
8/24/2022,Banten,5582
8/25/2022,Banten,5394
8/26/2022,Banten,4716
8/27/2022,Banten,4552
8/28/2022,Banten,4255
8/29/2022,Banten,4324
8/30/2022,Banten,3452
8/31/2022,Banten,3193
9/1/2022,Banten,3029
9/2/2022,Banten,2989
9/3/2022,Banten,2890
9/4/2022,Banten,2718
9/5/2022,Banten,2725
9/6/2022,Banten,2595
9/7/2022,Banten,2119
9/8/2022,Banten,2115
9/9/2022,Banten,1986
9/10/2022,Banten,1845
9/11/2022,Banten,1866
9/12/2022,Banten,1793
9/13/2022,Banten,1713
9/14/2022,Banten,1605
9/15/2022,Banten,1595
9/16/2022,Banten,1226
9/17/2022,Banten,1229
9/18/2022,Banten,1209
9/19/2022,Banten,1235
9/20/2022,Banten,1057
9/21/2022,Banten,815
9/22/2022,Banten,822
9/23/2022,Banten,807
9/24/2022,Banten,840
9/25/2022,Banten,846
9/26/2022,Banten,852
9/27/2022,Banten,831
9/28/2022,Banten,835
9/29/2022,Banten,832
9/30/2022,Banten,803
3/21/2022,DKI Jakarta,227
3/22/2022,DKI Jakarta,256
3/23/2022,DKI Jakarta,301
3/24/2022,DKI Jakarta,370
3/25/2022,DKI Jakarta,409
3/26/2022,DKI Jakarta,444
3/27/2022,DKI Jakarta,516
3/28/2022,DKI Jakarta,522
3/29/2022,DKI Jakarta,562
3/30/2022,DKI Jakarta,576
3/31/2022,DKI Jakarta,616
4/1/2022,DKI Jakarta,673
4/2/2022,DKI Jakarta,755
4/3/2022,DKI Jakarta,829
4/4/2022,DKI Jakarta,883
4/5/2022,DKI Jakarta,973
4/6/2022,DKI Jakarta,1068
4/7/2022,DKI Jakarta,1198
4/8/2022,DKI Jakarta,1286
4/9/2022,DKI Jakarta,1482
4/10/2022,DKI Jakarta,1517
4/11/2022,DKI Jakarta,1707
4/12/2022,DKI Jakarta,1707
4/13/2022,DKI Jakarta,1840
4/14/2022,DKI Jakarta,1931
4/15/2022,DKI Jakarta,2068
4/16/2022,DKI Jakarta,2224
4/17/2022,DKI Jakarta,2365
4/18/2022,DKI Jakarta,2466
4/19/2022,DKI Jakarta,2511
4/20/2022,DKI Jakarta,2580
4/21/2022,DKI Jakarta,2676
4/22/2022,DKI Jakarta,2760
4/23/2022,DKI Jakarta,2890
4/24/2022,DKI Jakarta,2946
4/25/2022,DKI Jakarta,3004
4/26/2022,DKI Jakarta,3110
4/27/2022,DKI Jakarta,3165
4/28/2022,DKI Jakarta,3269
4/29/2022,DKI Jakarta,3282
4/30/2022,DKI Jakarta,3318
5/1/2022,DKI Jakarta,3454
5/2/2022,DKI Jakarta,3492
5/3/2022,DKI Jakarta,3433
5/4/2022,DKI Jakarta,3499
5/5/2022,DKI Jakarta,3574
5/6/2022,DKI Jakarta,3615
5/7/2022,DKI Jakarta,3687
5/8/2022,DKI Jakarta,3786
5/9/2022,DKI Jakarta,3877
5/10/2022,DKI Jakarta,3953
5/11/2022,DKI Jakarta,4023
5/12/2022,DKI Jakarta,4008
5/13/2022,DKI Jakarta,4079
5/14/2022,DKI Jakarta,4074
5/15/2022,DKI Jakarta,4038
5/16/2022,DKI Jakarta,4126
5/17/2022,DKI Jakarta,4241
5/18/2022,DKI Jakarta,4289
5/19/2022,DKI Jakarta,4356
5/20/2022,DKI Jakarta,4435
5/21/2022,DKI Jakarta,4362
5/22/2022,DKI Jakarta,4390
5/23/2022,DKI Jakarta,4450
5/24/2022,DKI Jakarta,4547
5/25/2022,DKI Jakarta,4553
5/26/2022,DKI Jakarta,4629
5/27/2022,DKI Jakarta,4704
5/28/2022,DKI Jakarta,4790
5/29/2022,DKI Jakarta,4880
5/30/2022,DKI Jakarta,4708
5/31/2022,DKI Jakarta,4749
6/1/2022,DKI Jakarta,4695
6/2/2022,DKI Jakarta,4624
6/3/2022,DKI Jakarta,4514
6/4/2022,DKI Jakarta,4560
6/5/2022,DKI Jakarta,4491
6/6/2022,DKI Jakarta,4510
6/7/2022,DKI Jakarta,4374
6/8/2022,DKI Jakarta,4386
6/9/2022,DKI Jakarta,4451
6/10/2022,DKI Jakarta,4451
6/11/2022,DKI Jakarta,4452
6/12/2022,DKI Jakarta,4419
6/13/2022,DKI Jakarta,4473
6/14/2022,DKI Jakarta,4334
6/15/2022,DKI Jakarta,4368
6/16/2022,DKI Jakarta,4336
6/17/2022,DKI Jakarta,4341
6/18/2022,DKI Jakarta,4365
6/19/2022,DKI Jakarta,4378
6/20/2022,DKI Jakarta,4423
6/21/2022,DKI Jakarta,4331
6/22/2022,DKI Jakarta,4384
6/23/2022,DKI Jakarta,4428
6/24/2022,DKI Jakarta,4480
6/25/2022,DKI Jakarta,4558
6/26/2022,DKI Jakarta,4638
6/27/2022,DKI Jakarta,4760
6/28/2022,DKI Jakarta,4624
6/29/2022,DKI Jakarta,4494
6/30/2022,DKI Jakarta,4280
7/1/2022,DKI Jakarta,4325
7/2/2022,DKI Jakarta,4314
7/3/2022,DKI Jakarta,4209
7/4/2022,DKI Jakarta,4163
7/5/2022,DKI Jakarta,4123
7/6/2022,DKI Jakarta,3982
7/7/2022,DKI Jakarta,3919
7/8/2022,DKI Jakarta,4122
7/9/2022,DKI Jakarta,4172
7/10/2022,DKI Jakarta,4243
7/11/2022,DKI Jakarta,4392
7/12/2022,DKI Jakarta,4626
7/13/2022,DKI Jakarta,4692
7/14/2022,DKI Jakarta,4835
7/15/2022,DKI Jakarta,4897
7/16/2022,DKI Jakarta,5068
7/17/2022,DKI Jakarta,5176
7/18/2022,DKI Jakarta,5391
7/19/2022,DKI Jakarta,5358
7/20/2022,DKI Jakarta,5556
7/21/2022,DKI Jakarta,5712
7/22/2022,DKI Jakarta,5731
7/23/2022,DKI Jakarta,6034
7/24/2022,DKI Jakarta,6058
7/25/2022,DKI Jakarta,6261
7/26/2022,DKI Jakarta,6480
7/27/2022,DKI Jakarta,6826
7/28/2022,DKI Jakarta,6844
7/29/2022,DKI Jakarta,7160
7/30/2022,DKI Jakarta,7349
7/31/2022,DKI Jakarta,7360
8/1/2022,DKI Jakarta,7037
8/2/2022,DKI Jakarta,7273
8/3/2022,DKI Jakarta,7591
8/4/2022,DKI Jakarta,7771
8/5/2022,DKI Jakarta,7732
8/6/2022,DKI Jakarta,8029
8/7/2022,DKI Jakarta,8487
8/8/2022,DKI Jakarta,8653
8/9/2022,DKI Jakarta,8529
8/10/2022,DKI Jakarta,8784
8/11/2022,DKI Jakarta,9050
8/12/2022,DKI Jakarta,8745
8/13/2022,DKI Jakarta,8955
8/14/2022,DKI Jakarta,8797
8/15/2022,DKI Jakarta,8848
8/16/2022,DKI Jakarta,8711
8/17/2022,DKI Jakarta,9040
8/18/2022,DKI Jakarta,8946
8/19/2022,DKI Jakarta,8913
8/20/2022,DKI Jakarta,8767
8/21/2022,DKI Jakarta,8976
8/22/2022,DKI Jakarta,8898
8/23/2022,DKI Jakarta,8806
8/24/2022,DKI Jakarta,7527
8/25/2022,DKI Jakarta,7624
8/26/2022,DKI Jakarta,7568
8/27/2022,DKI Jakarta,6779
8/28/2022,DKI Jakarta,6757
8/29/2022,DKI Jakarta,7001
8/30/2022,DKI Jakarta,7720
8/31/2022,DKI Jakarta,8351
9/1/2022,DKI Jakarta,8506
9/2/2022,DKI Jakarta,9069
9/3/2022,DKI Jakarta,9713
9/4/2022,DKI Jakarta,9768
9/5/2022,DKI Jakarta,9901
9/6/2022,DKI Jakarta,10267
9/7/2022,DKI Jakarta,10629
9/8/2022,DKI Jakarta,10693
9/9/2022,DKI Jakarta,10839
9/10/2022,DKI Jakarta,11092
9/11/2022,DKI Jakarta,11139
9/12/2022,DKI Jakarta,11661
9/13/2022,DKI Jakarta,12078
9/14/2022,DKI Jakarta,11436
9/15/2022,DKI Jakarta,11499
9/16/2022,DKI Jakarta,11817
9/17/2022,DKI Jakarta,11964
9/18/2022,DKI Jakarta,12172
9/19/2022,DKI Jakarta,12125
9/20/2022,DKI Jakarta,12178
9/21/2022,DKI Jakarta,12202
9/22/2022,DKI Jakarta,12565
9/23/2022,DKI Jakarta,12565
9/24/2022,DKI Jakarta,12435
9/25/2022,DKI Jakarta,11973
9/26/2022,DKI Jakarta,12519
9/27/2022,DKI Jakarta,12426
9/28/2022,DKI Jakarta,11987
9/29/2022,DKI Jakarta,12086
9/30/2022,DKI Jakarta,11776
10/1/2022,DKI Jakarta,11900
10/2/2022,DKI Jakarta,12440
10/3/2022,DKI Jakarta,12513
10/4/2022,DKI Jakarta,12866
10/5/2022,DKI Jakarta,12888
10/6/2022,DKI Jakarta,12947
10/7/2022,DKI Jakarta,13157
10/8/2022,DKI Jakarta,13278
10/9/2022,DKI Jakarta,13350
10/10/2022,DKI Jakarta,13311
10/11/2022,DKI Jakarta,13620
10/12/2022,DKI Jakarta,13720
10/13/2022,DKI Jakarta,13655
10/14/2022,DKI Jakarta,13485
10/15/2022,DKI Jakarta,13486
10/16/2022,DKI Jakarta,13525
10/17/2022,DKI Jakarta,13372
10/18/2022,DKI Jakarta,13252
10/19/2022,DKI Jakarta,13040
10/20/2022,DKI Jakarta,13136
10/21/2022,DKI Jakarta,13043
10/22/2022,DKI Jakarta,12857
10/23/2022,DKI Jakarta,12695
10/24/2022,DKI Jakarta,12582
10/25/2022,DKI Jakarta,12106
10/26/2022,DKI Jakarta,11837
10/27/2022,DKI Jakarta,11473
10/28/2022,DKI Jakarta,11254
10/29/2022,DKI Jakarta,10875
10/30/2022,DKI Jakarta,10396
10/31/2022,DKI Jakarta,10095
11/1/2022,DKI Jakarta,9209
11/2/2022,DKI Jakarta,9158
11/3/2022,DKI Jakarta,8739
11/4/2022,DKI Jakarta,8558
11/5/2022,DKI Jakarta,8368
11/6/2022,DKI Jakarta,7998
11/7/2022,DKI Jakarta,8116
11/8/2022,DKI Jakarta,7955
11/9/2022,DKI Jakarta,7535
11/10/2022,DKI Jakarta,7282
11/11/2022,DKI Jakarta,6895
11/12/2022,DKI Jakarta,6662
11/13/2022,DKI Jakarta,6702
11/14/2022,DKI Jakarta,6906
11/15/2022,DKI Jakarta,7091
11/16/2022,DKI Jakarta,7052
11/17/2022,DKI Jakarta,7211
11/18/2022,DKI Jakarta,7499
11/19/2022,DKI Jakarta,7784
11/20/2022,DKI Jakarta,8073
11/21/2022,DKI Jakarta,8543
11/22/2022,DKI Jakarta,8794
11/23/2022,DKI Jakarta,8722
11/24/2022,DKI Jakarta,8658
11/25/2022,DKI Jakarta,8814
11/26/2022,DKI Jakarta,8739
11/27/2022,DKI Jakarta,9344
11/28/2022,DKI Jakarta,9454
11/29/2022,DKI Jakarta,10052
11/30/2022,DKI Jakarta,10217
12/1/2022,DKI Jakarta,10228
12/2/2022,DKI Jakarta,10310
12/3/2022,DKI Jakarta,10464
12/4/2022,DKI Jakarta,10538
12/5/2022,DKI Jakarta,10864
12/6/2022,DKI Jakarta,11117
12/7/2022,DKI Jakarta,11625
12/8/2022,DKI Jakarta,11609
12/9/2022,DKI Jakarta,11744
12/10/2022,DKI Jakarta,11864
12/11/2022,DKI Jakarta,11872
12/12/2022,DKI Jakarta,11878
12/13/2022,DKI Jakarta,12044
12/14/2022,DKI Jakarta,12061
12/15/2022,DKI Jakarta,12019
12/16/2022,DKI Jakarta,12078
12/17/2022,DKI Jakarta,12372
12/18/2022,DKI Jakarta,12702
12/19/2022,DKI Jakarta,13478
12/20/2022,DKI Jakarta,13173
12/21/2022,DKI Jakarta,13253
12/22/2022,DKI Jakarta,13171
12/23/2022,DKI Jakarta,13660
12/24/2022,DKI Jakarta,14230
12/25/2022,DKI Jakarta,14572
12/26/2022,DKI Jakarta,14058
12/27/2022,DKI Jakarta,14201
12/28/2022,DKI Jakarta,14158
12/29/2022,DKI Jakarta,15189
12/30/2022,DKI Jakarta,15647
12/31/2022,DKI Jakarta,15678
1/1/2022,DKI Jakarta,15965
1/2/2022,DKI Jakarta,15566
1/3/2022,DKI Jakarta,15533
1/4/2022,DKI Jakarta,14837
1/5/2022,DKI Jakarta,15301
1/6/2022,DKI Jakarta,16624
1/7/2022,DKI Jakarta,17560
1/8/2022,DKI Jakarta,17814
1/9/2022,DKI Jakarta,18422
1/10/2022,DKI Jakarta,18199
1/11/2022,DKI Jakarta,18119
1/12/2022,DKI Jakarta,19097
1/13/2022,DKI Jakarta,19576
1/14/2022,DKI Jakarta,20623
1/15/2022,DKI Jakarta,21078
1/16/2022,DKI Jakarta,22371
1/17/2022,DKI Jakarta,21958
1/18/2022,DKI Jakarta,21481
1/19/2022,DKI Jakarta,21619
1/20/2022,DKI Jakarta,21487
1/21/2022,DKI Jakarta,22038
1/22/2022,DKI Jakarta,23620
1/23/2022,DKI Jakarta,23382
1/24/2022,DKI Jakarta,24527
1/25/2022,DKI Jakarta,24431
1/26/2022,DKI Jakarta,23760
1/27/2022,DKI Jakarta,22592
1/28/2022,DKI Jakarta,22710
1/29/2022,DKI Jakarta,23686
1/30/2022,DKI Jakarta,23581
1/31/2022,DKI Jakarta,23658
2/1/2022,DKI Jakarta,25085
2/2/2022,DKI Jakarta,23826
2/3/2022,DKI Jakarta,25747
2/4/2022,DKI Jakarta,25376
2/5/2022,DKI Jakarta,26196
2/6/2022,DKI Jakarta,24097
2/7/2022,DKI Jakarta,23961
2/8/2022,DKI Jakarta,23644
2/9/2022,DKI Jakarta,24245
2/10/2022,DKI Jakarta,24266
2/11/2022,DKI Jakarta,22725
2/12/2022,DKI Jakarta,20849
2/13/2022,DKI Jakarta,19068
2/14/2022,DKI Jakarta,17184
2/15/2022,DKI Jakarta,16926
2/16/2022,DKI Jakarta,16642
2/17/2022,DKI Jakarta,15941
2/18/2022,DKI Jakarta,13587
2/19/2022,DKI Jakarta,13137
2/20/2022,DKI Jakarta,13083
2/21/2022,DKI Jakarta,13072
2/22/2022,DKI Jakarta,13193
2/23/2022,DKI Jakarta,12116
2/24/2022,DKI Jakarta,10404
2/25/2022,DKI Jakarta,9625
2/26/2022,DKI Jakarta,9458
2/27/2022,DKI Jakarta,9977
2/28/2022,DKI Jakarta,11424
3/1/2022,DKI Jakarta,9817
3/2/2022,DKI Jakarta,8284
3/3/2022,DKI Jakarta,7234
3/4/2022,DKI Jakarta,7467
3/5/2022,DKI Jakarta,7415
3/6/2022,DKI Jakarta,7290
3/7/2022,DKI Jakarta,7253
3/8/2022,DKI Jakarta,7504
3/9/2022,DKI Jakarta,6671
3/10/2022,DKI Jakarta,6839
3/11/2022,DKI Jakarta,7665
3/12/2022,DKI Jakarta,8448
3/13/2022,DKI Jakarta,7626
3/14/2022,DKI Jakarta,6782
3/15/2022,DKI Jakarta,6529
3/16/2022,DKI Jakarta,5774
3/17/2022,DKI Jakarta,5963
3/18/2022,DKI Jakarta,6491
3/19/2022,DKI Jakarta,6885
3/20/2022,DKI Jakarta,7610
3/21/2022,DKI Jakarta,7353
3/22/2022,DKI Jakarta,7093
3/23/2022,DKI Jakarta,6201
3/24/2022,DKI Jakarta,5334
3/25/2022,DKI Jakarta,6329
3/26/2022,DKI Jakarta,7084
3/27/2022,DKI Jakarta,7769
3/28/2022,DKI Jakarta,7857
3/29/2022,DKI Jakarta,7841
3/30/2022,DKI Jakarta,7012
3/31/2022,DKI Jakarta,6780
4/1/2022,DKI Jakarta,7190
4/2/2022,DKI Jakarta,7098
4/3/2022,DKI Jakarta,6908
4/4/2022,DKI Jakarta,6615
4/5/2022,DKI Jakarta,6153
4/6/2022,DKI Jakarta,6095
4/7/2022,DKI Jakarta,6320
4/8/2022,DKI Jakarta,6682
4/9/2022,DKI Jakarta,7283
4/10/2022,DKI Jakarta,7427
4/11/2022,DKI Jakarta,7025
4/12/2022,DKI Jakarta,6353
4/13/2022,DKI Jakarta,6275
4/14/2022,DKI Jakarta,6315
4/15/2022,DKI Jakarta,7113
4/16/2022,DKI Jakarta,7039
4/17/2022,DKI Jakarta,7059
4/18/2022,DKI Jakarta,7027
4/19/2022,DKI Jakarta,6998
4/20/2022,DKI Jakarta,6546
4/21/2022,DKI Jakarta,6563
4/22/2022,DKI Jakarta,7167
4/23/2022,DKI Jakarta,7312
4/24/2022,DKI Jakarta,7322
4/25/2022,DKI Jakarta,7242
4/26/2022,DKI Jakarta,6638
4/27/2022,DKI Jakarta,6414
4/28/2022,DKI Jakarta,6357
4/29/2022,DKI Jakarta,6841
4/30/2022,DKI Jakarta,7086
5/1/2022,DKI Jakarta,7204
5/2/2022,DKI Jakarta,7064
5/3/2022,DKI Jakarta,7114
5/4/2022,DKI Jakarta,6926
5/5/2022,DKI Jakarta,7073
5/6/2022,DKI Jakarta,7391
5/7/2022,DKI Jakarta,7559
5/8/2022,DKI Jakarta,7681
5/9/2022,DKI Jakarta,7784
5/10/2022,DKI Jakarta,7850
5/11/2022,DKI Jakarta,7569
5/12/2022,DKI Jakarta,7538
5/13/2022,DKI Jakarta,7723
5/14/2022,DKI Jakarta,7792
5/15/2022,DKI Jakarta,7431
5/16/2022,DKI Jakarta,7281
5/17/2022,DKI Jakarta,7391
5/18/2022,DKI Jakarta,7387
5/19/2022,DKI Jakarta,7782
5/20/2022,DKI Jakarta,8561
5/21/2022,DKI Jakarta,9301
5/22/2022,DKI Jakarta,9824
5/23/2022,DKI Jakarta,10339
5/24/2022,DKI Jakarta,10846
5/25/2022,DKI Jakarta,10710
5/26/2022,DKI Jakarta,10800
5/27/2022,DKI Jakarta,11136
5/28/2022,DKI Jakarta,10811
5/29/2022,DKI Jakarta,10699
5/30/2022,DKI Jakarta,10756
5/31/2022,DKI Jakarta,10882
6/1/2022,DKI Jakarta,10870
6/2/2022,DKI Jakarta,10867
6/3/2022,DKI Jakarta,11059
6/4/2022,DKI Jakarta,11130
6/5/2022,DKI Jakarta,11597
6/6/2022,DKI Jakarta,11712
6/7/2022,DKI Jakarta,12048
6/8/2022,DKI Jakarta,11835
6/9/2022,DKI Jakarta,12085
6/10/2022,DKI Jakarta,13046
6/11/2022,DKI Jakarta,14136
6/12/2022,DKI Jakarta,15847
6/13/2022,DKI Jakarta,17662
6/14/2022,DKI Jakarta,19311
6/15/2022,DKI Jakarta,19466
6/16/2022,DKI Jakarta,20530
6/17/2022,DKI Jakarta,22754
6/18/2022,DKI Jakarta,24908
6/19/2022,DKI Jakarta,27301
6/20/2022,DKI Jakarta,30357
6/21/2022,DKI Jakarta,32462
6/22/2022,DKI Jakarta,32542
6/23/2022,DKI Jakarta,35997
6/24/2022,DKI Jakarta,41014
6/25/2022,DKI Jakarta,45308
6/26/2022,DKI Jakarta,51803
6/27/2022,DKI Jakarta,57640
6/28/2022,DKI Jakarta,62494
6/29/2022,DKI Jakarta,66288
6/30/2022,DKI Jakarta,70375
7/1/2022,DKI Jakarta,74343
7/2/2022,DKI Jakarta,78699
7/3/2022,DKI Jakarta,82679
7/4/2022,DKI Jakarta,87272
7/5/2022,DKI Jakarta,91458
7/6/2022,DKI Jakarta,94660
7/7/2022,DKI Jakarta,100229
7/8/2022,DKI Jakarta,102216
7/9/2022,DKI Jakarta,100168
7/10/2022,DKI Jakarta,96159
7/11/2022,DKI Jakarta,88636
7/12/2022,DKI Jakarta,82654
7/13/2022,DKI Jakarta,90185
7/14/2022,DKI Jakarta,99723
7/15/2022,DKI Jakarta,109247
7/16/2022,DKI Jakarta,113082
7/17/2022,DKI Jakarta,111570
7/18/2022,DKI Jakarta,108683
7/19/2022,DKI Jakarta,100759
7/20/2022,DKI Jakarta,94633
7/21/2022,DKI Jakarta,89884
7/22/2022,DKI Jakarta,86117
7/23/2022,DKI Jakarta,79551
7/24/2022,DKI Jakarta,73148
7/25/2022,DKI Jakarta,64023
7/26/2022,DKI Jakarta,51860
7/27/2022,DKI Jakarta,40668
7/28/2022,DKI Jakarta,35084
7/29/2022,DKI Jakarta,27477
7/30/2022,DKI Jakarta,19737
7/31/2022,DKI Jakarta,17850
8/1/2022,DKI Jakarta,15884
8/2/2022,DKI Jakarta,14979
8/3/2022,DKI Jakarta,14004
8/4/2022,DKI Jakarta,14451
8/5/2022,DKI Jakarta,13877
8/6/2022,DKI Jakarta,12799
8/7/2022,DKI Jakarta,10177
8/8/2022,DKI Jakarta,10654
8/9/2022,DKI Jakarta,10357
8/10/2022,DKI Jakarta,10520
8/11/2022,DKI Jakarta,11101
8/12/2022,DKI Jakarta,9881
8/13/2022,DKI Jakarta,9453
8/14/2022,DKI Jakarta,9568
8/15/2022,DKI Jakarta,9667
8/16/2022,DKI Jakarta,9205
8/17/2022,DKI Jakarta,8916
8/18/2022,DKI Jakarta,9035
8/19/2022,DKI Jakarta,8798
8/20/2022,DKI Jakarta,8807
8/21/2022,DKI Jakarta,8770
8/22/2022,DKI Jakarta,8342
8/23/2022,DKI Jakarta,8166
8/24/2022,DKI Jakarta,8124
8/25/2022,DKI Jakarta,8180
8/26/2022,DKI Jakarta,7717
8/27/2022,DKI Jakarta,7995
8/28/2022,DKI Jakarta,8002
8/29/2022,DKI Jakarta,7764
8/30/2022,DKI Jakarta,7266
8/31/2022,DKI Jakarta,7107
9/1/2022,DKI Jakarta,6671
9/2/2022,DKI Jakarta,6256
9/3/2022,DKI Jakarta,5755
9/4/2022,DKI Jakarta,5620
9/5/2022,DKI Jakarta,5595
9/6/2022,DKI Jakarta,5061
9/7/2022,DKI Jakarta,4779
9/8/2022,DKI Jakarta,4523
9/9/2022,DKI Jakarta,4332
9/10/2022,DKI Jakarta,4125
9/11/2022,DKI Jakarta,3972
9/12/2022,DKI Jakarta,3953
9/13/2022,DKI Jakarta,3681
9/14/2022,DKI Jakarta,3368
9/15/2022,DKI Jakarta,3289
9/16/2022,DKI Jakarta,3125
9/17/2022,DKI Jakarta,2969
9/18/2022,DKI Jakarta,2919
9/19/2022,DKI Jakarta,2890
9/20/2022,DKI Jakarta,2569
9/21/2022,DKI Jakarta,2358
9/22/2022,DKI Jakarta,2294
9/23/2022,DKI Jakarta,2192
9/24/2022,DKI Jakarta,2041
9/25/2022,DKI Jakarta,1972
9/26/2022,DKI Jakarta,2011
9/27/2022,DKI Jakarta,1859
9/28/2022,DKI Jakarta,1786
9/29/2022,DKI Jakarta,1764
9/30/2022,DKI Jakarta,1716
3/21/2022,Jawa Timur,25
3/22/2022,Jawa Timur,40
3/23/2022,Jawa Timur,40
3/24/2022,Jawa Timur,50
3/25/2022,Jawa Timur,49
3/26/2022,Jawa Timur,53
3/27/2022,Jawa Timur,54
3/28/2022,Jawa Timur,65
3/29/2022,Jawa Timur,72
3/30/2022,Jawa Timur,67
3/31/2022,Jawa Timur,69
4/1/2022,Jawa Timur,78
4/2/2022,Jawa Timur,71
4/3/2022,Jawa Timur,119
4/4/2022,Jawa Timur,109
4/5/2022,Jawa Timur,144
4/6/2022,Jawa Timur,137
4/7/2022,Jawa Timur,137
4/8/2022,Jawa Timur,134
4/9/2022,Jawa Timur,157
4/10/2022,Jawa Timur,172
4/11/2022,Jawa Timur,178
4/12/2022,Jawa Timur,291
4/13/2022,Jawa Timur,337
4/14/2022,Jawa Timur,358
4/15/2022,Jawa Timur,373
4/16/2022,Jawa Timur,382
4/17/2022,Jawa Timur,382
4/18/2022,Jawa Timur,410
4/19/2022,Jawa Timur,438
4/20/2022,Jawa Timur,436
4/21/2022,Jawa Timur,447
4/22/2022,Jawa Timur,479
4/23/2022,Jawa Timur,492
4/24/2022,Jawa Timur,495
4/25/2022,Jawa Timur,562
4/26/2022,Jawa Timur,560
4/27/2022,Jawa Timur,568
4/28/2022,Jawa Timur,623
4/29/2022,Jawa Timur,625
4/30/2022,Jawa Timur,705
5/1/2022,Jawa Timur,773
5/2/2022,Jawa Timur,766
5/3/2022,Jawa Timur,832
5/4/2022,Jawa Timur,829
5/5/2022,Jawa Timur,874
5/6/2022,Jawa Timur,899
5/7/2022,Jawa Timur,928
5/8/2022,Jawa Timur,931
5/9/2022,Jawa Timur,1051
5/10/2022,Jawa Timur,1129
5/11/2022,Jawa Timur,1143
5/12/2022,Jawa Timur,1256
5/13/2022,Jawa Timur,1335
5/14/2022,Jawa Timur,1418
5/15/2022,Jawa Timur,1449
5/16/2022,Jawa Timur,1620
5/17/2022,Jawa Timur,1646
5/18/2022,Jawa Timur,1750
5/19/2022,Jawa Timur,1780
5/20/2022,Jawa Timur,1881
5/21/2022,Jawa Timur,2354
5/22/2022,Jawa Timur,2460
5/23/2022,Jawa Timur,2898
5/24/2022,Jawa Timur,2915
5/25/2022,Jawa Timur,3105
5/26/2022,Jawa Timur,3136
5/27/2022,Jawa Timur,3300
5/28/2022,Jawa Timur,3431
5/29/2022,Jawa Timur,3499
5/30/2022,Jawa Timur,3652
5/31/2022,Jawa Timur,3852
6/1/2022,Jawa Timur,3856
6/2/2022,Jawa Timur,4018
6/3/2022,Jawa Timur,4090
6/4/2022,Jawa Timur,3882
6/5/2022,Jawa Timur,3896
6/6/2022,Jawa Timur,4011
6/7/2022,Jawa Timur,4056
6/8/2022,Jawa Timur,4312
6/9/2022,Jawa Timur,4435
6/10/2022,Jawa Timur,4595
6/11/2022,Jawa Timur,4757
6/12/2022,Jawa Timur,4981
6/13/2022,Jawa Timur,4891
6/14/2022,Jawa Timur,5001
6/15/2022,Jawa Timur,5193
6/16/2022,Jawa Timur,5346
6/17/2022,Jawa Timur,5501
6/18/2022,Jawa Timur,5794
6/19/2022,Jawa Timur,5817
6/20/2022,Jawa Timur,6089
6/21/2022,Jawa Timur,6038
6/22/2022,Jawa Timur,6274
6/23/2022,Jawa Timur,6459
6/24/2022,Jawa Timur,6553
6/25/2022,Jawa Timur,6545
6/26/2022,Jawa Timur,6676
6/27/2022,Jawa Timur,6746
6/28/2022,Jawa Timur,6957
6/29/2022,Jawa Timur,7051
6/30/2022,Jawa Timur,7231
7/1/2022,Jawa Timur,7196
7/2/2022,Jawa Timur,7356
7/3/2022,Jawa Timur,7441
7/4/2022,Jawa Timur,7727
7/5/2022,Jawa Timur,8101
7/6/2022,Jawa Timur,8272
7/7/2022,Jawa Timur,8408
7/8/2022,Jawa Timur,8546
7/9/2022,Jawa Timur,8777
7/10/2022,Jawa Timur,8762
7/11/2022,Jawa Timur,8818
7/12/2022,Jawa Timur,9109
7/13/2022,Jawa Timur,9042
7/14/2022,Jawa Timur,9022
7/15/2022,Jawa Timur,8638
7/16/2022,Jawa Timur,8347
7/17/2022,Jawa Timur,8178
7/18/2022,Jawa Timur,7816
7/19/2022,Jawa Timur,7565
7/20/2022,Jawa Timur,7395
7/21/2022,Jawa Timur,7302
7/22/2022,Jawa Timur,7137
7/23/2022,Jawa Timur,6800
7/24/2022,Jawa Timur,6846
7/25/2022,Jawa Timur,6729
7/26/2022,Jawa Timur,6632
7/27/2022,Jawa Timur,6524
7/28/2022,Jawa Timur,6414
7/29/2022,Jawa Timur,6202
7/30/2022,Jawa Timur,6031
7/31/2022,Jawa Timur,5976
8/1/2022,Jawa Timur,5728
8/2/2022,Jawa Timur,5717
8/3/2022,Jawa Timur,5707
8/4/2022,Jawa Timur,5754
8/5/2022,Jawa Timur,5763
8/6/2022,Jawa Timur,5566
8/7/2022,Jawa Timur,5438
8/8/2022,Jawa Timur,5381
8/9/2022,Jawa Timur,5403
8/10/2022,Jawa Timur,5315
8/11/2022,Jawa Timur,5222
8/12/2022,Jawa Timur,5164
8/13/2022,Jawa Timur,5060
8/14/2022,Jawa Timur,4996
8/15/2022,Jawa Timur,4956
8/16/2022,Jawa Timur,5041
8/17/2022,Jawa Timur,4947
8/18/2022,Jawa Timur,4864
8/19/2022,Jawa Timur,4736
8/20/2022,Jawa Timur,4674
8/21/2022,Jawa Timur,4688
8/22/2022,Jawa Timur,4582
8/23/2022,Jawa Timur,4511
8/24/2022,Jawa Timur,4487
8/25/2022,Jawa Timur,4475
8/26/2022,Jawa Timur,4428
8/27/2022,Jawa Timur,4424
8/28/2022,Jawa Timur,4583
8/29/2022,Jawa Timur,4898
8/30/2022,Jawa Timur,5115
8/31/2022,Jawa Timur,5034
9/1/2022,Jawa Timur,5034
9/2/2022,Jawa Timur,5076
9/3/2022,Jawa Timur,5079
9/4/2022,Jawa Timur,5116
9/5/2022,Jawa Timur,5136
9/6/2022,Jawa Timur,5045
9/7/2022,Jawa Timur,5076
9/8/2022,Jawa Timur,5003
9/9/2022,Jawa Timur,4995
9/10/2022,Jawa Timur,5127
9/11/2022,Jawa Timur,5176
9/12/2022,Jawa Timur,5169
9/13/2022,Jawa Timur,4785
9/14/2022,Jawa Timur,4726
9/15/2022,Jawa Timur,4734
9/16/2022,Jawa Timur,4729
9/17/2022,Jawa Timur,4746
9/18/2022,Jawa Timur,4678
9/19/2022,Jawa Timur,4608
9/20/2022,Jawa Timur,4509
9/21/2022,Jawa Timur,4511
9/22/2022,Jawa Timur,4424
9/23/2022,Jawa Timur,4289
9/24/2022,Jawa Timur,4174
9/25/2022,Jawa Timur,4102
9/26/2022,Jawa Timur,4025
9/27/2022,Jawa Timur,3827
9/28/2022,Jawa Timur,3713
9/29/2022,Jawa Timur,3580
9/30/2022,Jawa Timur,3494
10/1/2022,Jawa Timur,3455
10/2/2022,Jawa Timur,3360
10/3/2022,Jawa Timur,3302
10/4/2022,Jawa Timur,3215
10/5/2022,Jawa Timur,3145
10/6/2022,Jawa Timur,3112
10/7/2022,Jawa Timur,3125
10/8/2022,Jawa Timur,3114
10/9/2022,Jawa Timur,3098
10/10/2022,Jawa Timur,3093
10/11/2022,Jawa Timur,3069
10/12/2022,Jawa Timur,3040
10/13/2022,Jawa Timur,2983
10/14/2022,Jawa Timur,2935
10/15/2022,Jawa Timur,2878
10/16/2022,Jawa Timur,2804
10/17/2022,Jawa Timur,2706
10/18/2022,Jawa Timur,2680
10/19/2022,Jawa Timur,2563
10/20/2022,Jawa Timur,2536
10/21/2022,Jawa Timur,2524
10/22/2022,Jawa Timur,2432
10/23/2022,Jawa Timur,2374
10/24/2022,Jawa Timur,2341
10/25/2022,Jawa Timur,2351
10/26/2022,Jawa Timur,2331
10/27/2022,Jawa Timur,2352
10/28/2022,Jawa Timur,2345
10/29/2022,Jawa Timur,2343
10/30/2022,Jawa Timur,2332
10/31/2022,Jawa Timur,2319
11/1/2022,Jawa Timur,2241
11/2/2022,Jawa Timur,2202
11/3/2022,Jawa Timur,2194
11/4/2022,Jawa Timur,2170
11/5/2022,Jawa Timur,2166
11/6/2022,Jawa Timur,2168
11/7/2022,Jawa Timur,2156
11/8/2022,Jawa Timur,2162
11/9/2022,Jawa Timur,2140
11/10/2022,Jawa Timur,2091
11/11/2022,Jawa Timur,2055
11/12/2022,Jawa Timur,2063
11/13/2022,Jawa Timur,2067
11/14/2022,Jawa Timur,2068
11/15/2022,Jawa Timur,2015
11/16/2022,Jawa Timur,2018
11/17/2022,Jawa Timur,2172
11/18/2022,Jawa Timur,2268
11/19/2022,Jawa Timur,2458
11/20/2022,Jawa Timur,2496
11/21/2022,Jawa Timur,2563
11/22/2022,Jawa Timur,2533
11/23/2022,Jawa Timur,2471
11/24/2022,Jawa Timur,2637
11/25/2022,Jawa Timur,2724
11/26/2022,Jawa Timur,2784
11/27/2022,Jawa Timur,2814
11/28/2022,Jawa Timur,2841
11/29/2022,Jawa Timur,2937
11/30/2022,Jawa Timur,2986
12/1/2022,Jawa Timur,3012
12/2/2022,Jawa Timur,3045
12/3/2022,Jawa Timur,3240
12/4/2022,Jawa Timur,3433
12/5/2022,Jawa Timur,3504
12/6/2022,Jawa Timur,3659
12/7/2022,Jawa Timur,3729
12/8/2022,Jawa Timur,3693
12/9/2022,Jawa Timur,4015
12/10/2022,Jawa Timur,4103
12/11/2022,Jawa Timur,4299
12/12/2022,Jawa Timur,4498
12/13/2022,Jawa Timur,4592
12/14/2022,Jawa Timur,4734
12/15/2022,Jawa Timur,4660
12/16/2022,Jawa Timur,4831
12/17/2022,Jawa Timur,5065
12/18/2022,Jawa Timur,5238
12/19/2022,Jawa Timur,5422
12/20/2022,Jawa Timur,5292
12/21/2022,Jawa Timur,5475
12/22/2022,Jawa Timur,5538
12/23/2022,Jawa Timur,5662
12/24/2022,Jawa Timur,5778
12/25/2022,Jawa Timur,6002
12/26/2022,Jawa Timur,6086
12/27/2022,Jawa Timur,6184
12/28/2022,Jawa Timur,6221
12/29/2022,Jawa Timur,6153
12/30/2022,Jawa Timur,6077
12/31/2022,Jawa Timur,6190
1/1/2022,Jawa Timur,6201
1/2/2022,Jawa Timur,6066
1/3/2022,Jawa Timur,5997
1/4/2022,Jawa Timur,6038
1/5/2022,Jawa Timur,6132
1/6/2022,Jawa Timur,6224
1/7/2022,Jawa Timur,6247
1/8/2022,Jawa Timur,6457
1/9/2022,Jawa Timur,6627
1/10/2022,Jawa Timur,6601
1/11/2022,Jawa Timur,6801
1/12/2022,Jawa Timur,6865
1/13/2022,Jawa Timur,6864
1/14/2022,Jawa Timur,6998
1/15/2022,Jawa Timur,7265
1/16/2022,Jawa Timur,7640
1/17/2022,Jawa Timur,7572
1/18/2022,Jawa Timur,7520
1/19/2022,Jawa Timur,7589
1/20/2022,Jawa Timur,7636
1/21/2022,Jawa Timur,7742
1/22/2022,Jawa Timur,7933
1/23/2022,Jawa Timur,7942
1/24/2022,Jawa Timur,7839
1/25/2022,Jawa Timur,7826
1/26/2022,Jawa Timur,7886
1/27/2022,Jawa Timur,7953
1/28/2022,Jawa Timur,8067
1/29/2022,Jawa Timur,8008
1/30/2022,Jawa Timur,7844
1/31/2022,Jawa Timur,7767
2/1/2022,Jawa Timur,7436
2/2/2022,Jawa Timur,7340
2/3/2022,Jawa Timur,7119
2/4/2022,Jawa Timur,6945
2/5/2022,Jawa Timur,6823
2/6/2022,Jawa Timur,6736
2/7/2022,Jawa Timur,6480
2/8/2022,Jawa Timur,6194
2/9/2022,Jawa Timur,5891
2/10/2022,Jawa Timur,5752
2/11/2022,Jawa Timur,5917
2/12/2022,Jawa Timur,5488
2/13/2022,Jawa Timur,5337
2/14/2022,Jawa Timur,5137
2/15/2022,Jawa Timur,4794
2/16/2022,Jawa Timur,4634
2/17/2022,Jawa Timur,4583
2/18/2022,Jawa Timur,4441
2/19/2022,Jawa Timur,4371
2/20/2022,Jawa Timur,4347
2/21/2022,Jawa Timur,4185
2/22/2022,Jawa Timur,4041
2/23/2022,Jawa Timur,4031
2/24/2022,Jawa Timur,4023
2/25/2022,Jawa Timur,3924
2/26/2022,Jawa Timur,3898
2/27/2022,Jawa Timur,3802
2/28/2022,Jawa Timur,3634
3/1/2022,Jawa Timur,3488
3/2/2022,Jawa Timur,3340
3/3/2022,Jawa Timur,3223
3/4/2022,Jawa Timur,3103
3/5/2022,Jawa Timur,3012
3/6/2022,Jawa Timur,2922
3/7/2022,Jawa Timur,2802
3/8/2022,Jawa Timur,2675
3/9/2022,Jawa Timur,2608
3/10/2022,Jawa Timur,2584
3/11/2022,Jawa Timur,2528
3/12/2022,Jawa Timur,2485
3/13/2022,Jawa Timur,2414
3/14/2022,Jawa Timur,2373
3/15/2022,Jawa Timur,2291
3/16/2022,Jawa Timur,2235
3/17/2022,Jawa Timur,2189
3/18/2022,Jawa Timur,2181
3/19/2022,Jawa Timur,2147
3/20/2022,Jawa Timur,2114
3/21/2022,Jawa Timur,2122
3/22/2022,Jawa Timur,2074
3/23/2022,Jawa Timur,2015
3/24/2022,Jawa Timur,2047
3/25/2022,Jawa Timur,2141
3/26/2022,Jawa Timur,2161
3/27/2022,Jawa Timur,2064
3/28/2022,Jawa Timur,2078
3/29/2022,Jawa Timur,2020
3/30/2022,Jawa Timur,1998
3/31/2022,Jawa Timur,2023
4/1/2022,Jawa Timur,2024
4/2/2022,Jawa Timur,1994
4/3/2022,Jawa Timur,1953
4/4/2022,Jawa Timur,1945
4/5/2022,Jawa Timur,1876
4/6/2022,Jawa Timur,1856
4/7/2022,Jawa Timur,1924
4/8/2022,Jawa Timur,1965
4/9/2022,Jawa Timur,2010
4/10/2022,Jawa Timur,2034
4/11/2022,Jawa Timur,1997
4/12/2022,Jawa Timur,1979
4/13/2022,Jawa Timur,1973
4/14/2022,Jawa Timur,1977
4/15/2022,Jawa Timur,2017
4/16/2022,Jawa Timur,2041
4/17/2022,Jawa Timur,2050
4/18/2022,Jawa Timur,2051
4/19/2022,Jawa Timur,2039
4/20/2022,Jawa Timur,2051
4/21/2022,Jawa Timur,2097
4/22/2022,Jawa Timur,2130
4/23/2022,Jawa Timur,2143
4/24/2022,Jawa Timur,2152
4/25/2022,Jawa Timur,2155
4/26/2022,Jawa Timur,1715
4/27/2022,Jawa Timur,1683
4/28/2022,Jawa Timur,1697
4/29/2022,Jawa Timur,1746
4/30/2022,Jawa Timur,1775
5/1/2022,Jawa Timur,1785
5/2/2022,Jawa Timur,1756
5/3/2022,Jawa Timur,1699
5/4/2022,Jawa Timur,1722
5/5/2022,Jawa Timur,1741
5/6/2022,Jawa Timur,1722
5/7/2022,Jawa Timur,1652
5/8/2022,Jawa Timur,1651
5/9/2022,Jawa Timur,1668
5/10/2022,Jawa Timur,1640
5/11/2022,Jawa Timur,1673
5/12/2022,Jawa Timur,1675
5/13/2022,Jawa Timur,1661
5/14/2022,Jawa Timur,1614
5/15/2022,Jawa Timur,1542
5/16/2022,Jawa Timur,1526
5/17/2022,Jawa Timur,1435
5/18/2022,Jawa Timur,1411
5/19/2022,Jawa Timur,1437
5/20/2022,Jawa Timur,1432
5/21/2022,Jawa Timur,1491
5/22/2022,Jawa Timur,1512
5/23/2022,Jawa Timur,1524
5/24/2022,Jawa Timur,1525
5/25/2022,Jawa Timur,1537
5/26/2022,Jawa Timur,1648
5/27/2022,Jawa Timur,1660
5/28/2022,Jawa Timur,1681
5/29/2022,Jawa Timur,1714
5/30/2022,Jawa Timur,1754
5/31/2022,Jawa Timur,1748
6/1/2022,Jawa Timur,1782
6/2/2022,Jawa Timur,1789
6/3/2022,Jawa Timur,1818
6/4/2022,Jawa Timur,1841
6/5/2022,Jawa Timur,1879
6/6/2022,Jawa Timur,1946
6/7/2022,Jawa Timur,2023
6/8/2022,Jawa Timur,2131
6/9/2022,Jawa Timur,2283
6/10/2022,Jawa Timur,2449
6/11/2022,Jawa Timur,2599
6/12/2022,Jawa Timur,2731
6/13/2022,Jawa Timur,2915
6/14/2022,Jawa Timur,3008
6/15/2022,Jawa Timur,3221
6/16/2022,Jawa Timur,3621
6/17/2022,Jawa Timur,3951
6/18/2022,Jawa Timur,4235
6/19/2022,Jawa Timur,4544
6/20/2022,Jawa Timur,4856
6/21/2022,Jawa Timur,5158
6/22/2022,Jawa Timur,5480
6/23/2022,Jawa Timur,5880
6/24/2022,Jawa Timur,6380
6/25/2022,Jawa Timur,6794
6/26/2022,Jawa Timur,7155
6/27/2022,Jawa Timur,7483
6/28/2022,Jawa Timur,7939
6/29/2022,Jawa Timur,8379
6/30/2022,Jawa Timur,8840
7/1/2022,Jawa Timur,9468
7/2/2022,Jawa Timur,9987
7/3/2022,Jawa Timur,10708
7/4/2022,Jawa Timur,11358
7/5/2022,Jawa Timur,11885
7/6/2022,Jawa Timur,12494
7/7/2022,Jawa Timur,13842
7/8/2022,Jawa Timur,14937
7/9/2022,Jawa Timur,15572
7/10/2022,Jawa Timur,16412
7/11/2022,Jawa Timur,17118
7/12/2022,Jawa Timur,18020
7/13/2022,Jawa Timur,21979
7/14/2022,Jawa Timur,26996
7/15/2022,Jawa Timur,33027
7/16/2022,Jawa Timur,38288
7/17/2022,Jawa Timur,42221
7/18/2022,Jawa Timur,44566
7/19/2022,Jawa Timur,45765
7/20/2022,Jawa Timur,48569
7/21/2022,Jawa Timur,49046
7/22/2022,Jawa Timur,52219
7/23/2022,Jawa Timur,54697
7/24/2022,Jawa Timur,55612
7/25/2022,Jawa Timur,55191
7/26/2022,Jawa Timur,53487
7/27/2022,Jawa Timur,54514
7/28/2022,Jawa Timur,55944
7/29/2022,Jawa Timur,57126
7/30/2022,Jawa Timur,56990
7/31/2022,Jawa Timur,56194
8/1/2022,Jawa Timur,53547
8/2/2022,Jawa Timur,49855
8/3/2022,Jawa Timur,49263
8/4/2022,Jawa Timur,48762
8/5/2022,Jawa Timur,47875
8/6/2022,Jawa Timur,46978
8/7/2022,Jawa Timur,45565
8/8/2022,Jawa Timur,44271
8/9/2022,Jawa Timur,42454
8/10/2022,Jawa Timur,41272
8/11/2022,Jawa Timur,39451
8/12/2022,Jawa Timur,38165
8/13/2022,Jawa Timur,37706
8/14/2022,Jawa Timur,36173
8/15/2022,Jawa Timur,34123
8/16/2022,Jawa Timur,31662
8/17/2022,Jawa Timur,29780
8/18/2022,Jawa Timur,27827
8/19/2022,Jawa Timur,26908
8/20/2022,Jawa Timur,25866
8/21/2022,Jawa Timur,24416
8/22/2022,Jawa Timur,22832
8/23/2022,Jawa Timur,20434
8/24/2022,Jawa Timur,18636
8/25/2022,Jawa Timur,17359
8/26/2022,Jawa Timur,15922
8/27/2022,Jawa Timur,14800
8/28/2022,Jawa Timur,13784
8/29/2022,Jawa Timur,12695
8/30/2022,Jawa Timur,11563
8/31/2022,Jawa Timur,11091
9/1/2022,Jawa Timur,10593
9/2/2022,Jawa Timur,9797
9/3/2022,Jawa Timur,9389
9/4/2022,Jawa Timur,8710
9/5/2022,Jawa Timur,8209
9/6/2022,Jawa Timur,7520
9/7/2022,Jawa Timur,7121
9/8/2022,Jawa Timur,6729
9/9/2022,Jawa Timur,6344
9/10/2022,Jawa Timur,6023
9/11/2022,Jawa Timur,5850
9/12/2022,Jawa Timur,5572
9/13/2022,Jawa Timur,5171
9/14/2022,Jawa Timur,4909
9/15/2022,Jawa Timur,4636
9/16/2022,Jawa Timur,4289
9/17/2022,Jawa Timur,4005
9/18/2022,Jawa Timur,3742
9/19/2022,Jawa Timur,3484
9/20/2022,Jawa Timur,3191
9/21/2022,Jawa Timur,2956
9/22/2022,Jawa Timur,2870
9/23/2022,Jawa Timur,2640
9/24/2022,Jawa Timur,2484
9/25/2022,Jawa Timur,2314
9/26/2022,Jawa Timur,2237
9/27/2022,Jawa Timur,2028
9/28/2022,Jawa Timur,1947
9/29/2022,Jawa Timur,1886
9/30/2022,Jawa Timur,1811
3/21/2022,Bali,2
3/22/2022,Bali,1
3/23/2022,Bali,4
3/24/2022,Bali,4
3/25/2022,Bali,7
3/26/2022,Bali,7
3/27/2022,Bali,7
3/28/2022,Bali,7
3/29/2022,Bali,8
3/30/2022,Bali,17
3/31/2022,Bali,17
4/1/2022,Bali,13
4/2/2022,Bali,13
4/3/2022,Bali,15
4/4/2022,Bali,20
4/5/2022,Bali,15
4/6/2022,Bali,23
4/7/2022,Bali,23
4/8/2022,Bali,29
4/9/2022,Bali,43
4/10/2022,Bali,54
4/11/2022,Bali,58
4/12/2022,Bali,60
4/13/2022,Bali,64
4/14/2022,Bali,69
4/15/2022,Bali,73
4/16/2022,Bali,79
4/17/2022,Bali,86
4/18/2022,Bali,92
4/19/2022,Bali,94
4/20/2022,Bali,95
4/21/2022,Bali,105
4/22/2022,Bali,101
4/23/2022,Bali,108
4/24/2022,Bali,118
4/25/2022,Bali,109
4/26/2022,Bali,107
4/27/2022,Bali,109
4/28/2022,Bali,123
4/29/2022,Bali,115
4/30/2022,Bali,105
5/1/2022,Bali,110
5/2/2022,Bali,104
5/3/2022,Bali,107
5/4/2022,Bali,108
5/5/2022,Bali,113
5/6/2022,Bali,107
5/7/2022,Bali,100
5/8/2022,Bali,101
5/9/2022,Bali,105
5/10/2022,Bali,103
5/11/2022,Bali,100
5/12/2022,Bali,109
5/13/2022,Bali,108
5/14/2022,Bali,110
5/15/2022,Bali,107
5/16/2022,Bali,99
5/17/2022,Bali,94
5/18/2022,Bali,98
5/19/2022,Bali,92
5/20/2022,Bali,91
5/21/2022,Bali,90
5/22/2022,Bali,92
5/23/2022,Bali,97
5/24/2022,Bali,97
5/25/2022,Bali,97
5/26/2022,Bali,108
5/27/2022,Bali,109
5/28/2022,Bali,102
5/29/2022,Bali,119
5/30/2022,Bali,123
5/31/2022,Bali,132
6/1/2022,Bali,143
6/2/2022,Bali,148
6/3/2022,Bali,136
6/4/2022,Bali,141
6/5/2022,Bali,150
6/6/2022,Bali,181
6/7/2022,Bali,204
6/8/2022,Bali,212
6/9/2022,Bali,194
6/10/2022,Bali,223
6/11/2022,Bali,230
6/12/2022,Bali,242
6/13/2022,Bali,255
6/14/2022,Bali,261
6/15/2022,Bali,252
6/16/2022,Bali,266
6/17/2022,Bali,281
6/18/2022,Bali,336
6/19/2022,Bali,404
6/20/2022,Bali,420
6/21/2022,Bali,438
6/22/2022,Bali,456
6/23/2022,Bali,468
6/24/2022,Bali,503
6/25/2022,Bali,546
6/26/2022,Bali,522
6/27/2022,Bali,607
6/28/2022,Bali,630
6/29/2022,Bali,648
6/30/2022,Bali,681
7/1/2022,Bali,652
7/2/2022,Bali,749
7/3/2022,Bali,777
7/4/2022,Bali,842
7/5/2022,Bali,862
7/6/2022,Bali,903
7/7/2022,Bali,881
7/8/2022,Bali,867
7/9/2022,Bali,827
7/10/2022,Bali,882
7/11/2022,Bali,768
7/12/2022,Bali,757
7/13/2022,Bali,722
7/14/2022,Bali,759
7/15/2022,Bali,779
7/16/2022,Bali,782
7/17/2022,Bali,777
7/18/2022,Bali,781
7/19/2022,Bali,713
7/20/2022,Bali,679
7/21/2022,Bali,700
7/22/2022,Bali,710
7/23/2022,Bali,696
7/24/2022,Bali,688
7/25/2022,Bali,658
7/26/2022,Bali,620
7/27/2022,Bali,601
7/28/2022,Bali,574
7/29/2022,Bali,551
7/30/2022,Bali,524
7/31/2022,Bali,483
8/1/2022,Bali,476
8/2/2022,Bali,469
8/3/2022,Bali,455
8/4/2022,Bali,445
8/5/2022,Bali,439
8/6/2022,Bali,428
8/7/2022,Bali,425
8/8/2022,Bali,431
8/9/2022,Bali,461
8/10/2022,Bali,460
8/11/2022,Bali,457
8/12/2022,Bali,455
8/13/2022,Bali,453
8/14/2022,Bali,447
8/15/2022,Bali,449
8/16/2022,Bali,437
8/17/2022,Bali,436
8/18/2022,Bali,459
8/19/2022,Bali,468
8/20/2022,Bali,490
8/21/2022,Bali,503
8/22/2022,Bali,513
8/23/2022,Bali,508
8/24/2022,Bali,517
8/25/2022,Bali,538
8/26/2022,Bali,555
8/27/2022,Bali,561
8/28/2022,Bali,581
8/29/2022,Bali,600
8/30/2022,Bali,658
8/31/2022,Bali,705
9/1/2022,Bali,763
9/2/2022,Bali,826
9/3/2022,Bali,879
9/4/2022,Bali,985
9/5/2022,Bali,1046
9/6/2022,Bali,1090
9/7/2022,Bali,1158
9/8/2022,Bali,1196
9/9/2022,Bali,1259
9/10/2022,Bali,1246
9/11/2022,Bali,1288
9/12/2022,Bali,1352
9/13/2022,Bali,1361
9/14/2022,Bali,1351
9/15/2022,Bali,1359
9/16/2022,Bali,1354
9/17/2022,Bali,1319
9/18/2022,Bali,1271
9/19/2022,Bali,1209
9/20/2022,Bali,1195
9/21/2022,Bali,1248
9/22/2022,Bali,1230
9/23/2022,Bali,1267
9/24/2022,Bali,1250
9/25/2022,Bali,1316
9/26/2022,Bali,1290
9/27/2022,Bali,1291
9/28/2022,Bali,1250
9/29/2022,Bali,1225
9/30/2022,Bali,1238
10/1/2022,Bali,1254
10/2/2022,Bali,1287
10/3/2022,Bali,1281
10/4/2022,Bali,1258
10/5/2022,Bali,1210
10/6/2022,Bali,1174
10/7/2022,Bali,1154
10/8/2022,Bali,1129
10/9/2022,Bali,1125
10/10/2022,Bali,1110
10/11/2022,Bali,1118
10/12/2022,Bali,1070
10/13/2022,Bali,997
10/14/2022,Bali,958
10/15/2022,Bali,900
10/16/2022,Bali,858
10/17/2022,Bali,849
10/18/2022,Bali,842
10/19/2022,Bali,848
10/20/2022,Bali,816
10/21/2022,Bali,806
10/22/2022,Bali,793
10/23/2022,Bali,787
10/24/2022,Bali,764
10/25/2022,Bali,790
10/26/2022,Bali,796
10/27/2022,Bali,781
10/28/2022,Bali,811
10/29/2022,Bali,812
10/30/2022,Bali,766
10/31/2022,Bali,853
11/1/2022,Bali,751
11/2/2022,Bali,689
11/3/2022,Bali,667
11/4/2022,Bali,662
11/5/2022,Bali,617
11/6/2022,Bali,607
11/7/2022,Bali,625
11/8/2022,Bali,621
11/9/2022,Bali,618
11/10/2022,Bali,660
11/11/2022,Bali,617
11/12/2022,Bali,655
11/13/2022,Bali,663
11/14/2022,Bali,698
11/15/2022,Bali,663
11/16/2022,Bali,660
11/17/2022,Bali,653
11/18/2022,Bali,636
11/19/2022,Bali,658
11/20/2022,Bali,663
11/21/2022,Bali,684
11/22/2022,Bali,725
11/23/2022,Bali,727
11/24/2022,Bali,732
11/25/2022,Bali,758
11/26/2022,Bali,814
11/27/2022,Bali,840
11/28/2022,Bali,835
11/29/2022,Bali,887
11/30/2022,Bali,859
12/1/2022,Bali,911
12/2/2022,Bali,1018
12/3/2022,Bali,1118
12/4/2022,Bali,1168
12/5/2022,Bali,1123
12/6/2022,Bali,1157
12/7/2022,Bali,944
12/8/2022,Bali,890
12/9/2022,Bali,927
12/10/2022,Bali,936
12/11/2022,Bali,926
12/12/2022,Bali,898
12/13/2022,Bali,904
12/14/2022,Bali,879
12/15/2022,Bali,875
12/16/2022,Bali,872
12/17/2022,Bali,901
12/18/2022,Bali,941
12/19/2022,Bali,951
12/20/2022,Bali,955
12/21/2022,Bali,971
12/22/2022,Bali,921
12/23/2022,Bali,946
12/24/2022,Bali,939
12/25/2022,Bali,941
12/26/2022,Bali,929
12/27/2022,Bali,894
12/28/2022,Bali,897
12/29/2022,Bali,926
12/30/2022,Bali,967
12/31/2022,Bali,1043
1/1/2022,Bali,1050
1/2/2022,Bali,1082
1/3/2022,Bali,1121
1/4/2022,Bali,1101
1/5/2022,Bali,1156
1/6/2022,Bali,1185
1/7/2022,Bali,1232
1/8/2022,Bali,1345
1/9/2022,Bali,1420
1/10/2022,Bali,1474
1/11/2022,Bali,1561
1/12/2022,Bali,1769
1/13/2022,Bali,1910
1/14/2022,Bali,1957
1/15/2022,Bali,2060
1/16/2022,Bali,2227
1/17/2022,Bali,2359
1/18/2022,Bali,2342
1/19/2022,Bali,2356
1/20/2022,Bali,2598
1/21/2022,Bali,2852
1/22/2022,Bali,2927
1/23/2022,Bali,2906
1/24/2022,Bali,2973
1/25/2022,Bali,2843
1/26/2022,Bali,3147
1/27/2022,Bali,3432
1/28/2022,Bali,3502
1/29/2022,Bali,3603
1/30/2022,Bali,3553
1/31/2022,Bali,3512
2/1/2022,Bali,3493
2/2/2022,Bali,3424
2/3/2022,Bali,3440
2/4/2022,Bali,3282
2/5/2022,Bali,3315
2/6/2022,Bali,3116
2/7/2022,Bali,3109
2/8/2022,Bali,2901
2/9/2022,Bali,3075
2/10/2022,Bali,3053
2/11/2022,Bali,2990
2/12/2022,Bali,2977
2/13/2022,Bali,2893
2/14/2022,Bali,2797
2/15/2022,Bali,2734
2/16/2022,Bali,2685
2/17/2022,Bali,2812
2/18/2022,Bali,2762
2/19/2022,Bali,2635
2/20/2022,Bali,2361
2/21/2022,Bali,2404
2/22/2022,Bali,2348
2/23/2022,Bali,2317
2/24/2022,Bali,2325
2/25/2022,Bali,2289
2/26/2022,Bali,2344
2/27/2022,Bali,2142
2/28/2022,Bali,2219
3/1/2022,Bali,2144
3/2/2022,Bali,2078
3/3/2022,Bali,2046
3/4/2022,Bali,2041
3/5/2022,Bali,1997
3/6/2022,Bali,1926
3/7/2022,Bali,1855
3/8/2022,Bali,1815
3/9/2022,Bali,1782
3/10/2022,Bali,1802
3/11/2022,Bali,1810
3/12/2022,Bali,1767
3/13/2022,Bali,1760
3/14/2022,Bali,1760
3/15/2022,Bali,1625
3/16/2022,Bali,1474
3/17/2022,Bali,1414
3/18/2022,Bali,1523
3/19/2022,Bali,1512
3/20/2022,Bali,1436
3/21/2022,Bali,1479
3/22/2022,Bali,1454
3/23/2022,Bali,1487
3/24/2022,Bali,1534
3/25/2022,Bali,1594
3/26/2022,Bali,1614
3/27/2022,Bali,1629
3/28/2022,Bali,1601
3/29/2022,Bali,1531
3/30/2022,Bali,1531
3/31/2022,Bali,1573
4/1/2022,Bali,1554
4/2/2022,Bali,1582
4/3/2022,Bali,1539
4/4/2022,Bali,1559
4/5/2022,Bali,1569
4/6/2022,Bali,1566
4/7/2022,Bali,1622
4/8/2022,Bali,1607
4/9/2022,Bali,1639
4/10/2022,Bali,1662
4/11/2022,Bali,1656
4/12/2022,Bali,1659
4/13/2022,Bali,1680
4/14/2022,Bali,1729
4/15/2022,Bali,1748
4/16/2022,Bali,1622
4/17/2022,Bali,1611
4/18/2022,Bali,1593
4/19/2022,Bali,1491
4/20/2022,Bali,1418
4/21/2022,Bali,1454
4/22/2022,Bali,1393
4/23/2022,Bali,1374
4/24/2022,Bali,1390
4/25/2022,Bali,1374
4/26/2022,Bali,1298
4/27/2022,Bali,1311
4/28/2022,Bali,1336
4/29/2022,Bali,1290
4/30/2022,Bali,1283
5/1/2022,Bali,1254
5/2/2022,Bali,1236
5/3/2022,Bali,1221
5/4/2022,Bali,1238
5/5/2022,Bali,1255
5/6/2022,Bali,1252
5/7/2022,Bali,1190
5/8/2022,Bali,1193
5/9/2022,Bali,1172
5/10/2022,Bali,1123
5/11/2022,Bali,1119
5/12/2022,Bali,1118
5/13/2022,Bali,1134
5/14/2022,Bali,1082
5/15/2022,Bali,1001
5/16/2022,Bali,993
5/17/2022,Bali,949
5/18/2022,Bali,921
5/19/2022,Bali,899
5/20/2022,Bali,876
5/21/2022,Bali,817
5/22/2022,Bali,777
5/23/2022,Bali,791
5/24/2022,Bali,786
5/25/2022,Bali,760
5/26/2022,Bali,773
5/27/2022,Bali,735
5/28/2022,Bali,717
5/29/2022,Bali,691
5/30/2022,Bali,671
5/31/2022,Bali,634
6/1/2022,Bali,611
6/2/2022,Bali,568
6/3/2022,Bali,543
6/4/2022,Bali,516
6/5/2022,Bali,500
6/6/2022,Bali,473
6/7/2022,Bali,464
6/8/2022,Bali,455
6/9/2022,Bali,437
6/10/2022,Bali,439
6/11/2022,Bali,423
6/12/2022,Bali,407
6/13/2022,Bali,406
6/14/2022,Bali,394
6/15/2022,Bali,417
6/16/2022,Bali,460
6/17/2022,Bali,485
6/18/2022,Bali,524
6/19/2022,Bali,637
6/20/2022,Bali,704
6/21/2022,Bali,734
6/22/2022,Bali,810
6/23/2022,Bali,919
6/24/2022,Bali,1028
6/25/2022,Bali,1157
6/26/2022,Bali,1310
6/27/2022,Bali,1408
6/28/2022,Bali,1464
6/29/2022,Bali,1599
6/30/2022,Bali,1707
7/1/2022,Bali,1892
7/2/2022,Bali,2050
7/3/2022,Bali,2140
7/4/2022,Bali,2360
7/5/2022,Bali,2553
7/6/2022,Bali,2703
7/7/2022,Bali,2990
7/8/2022,Bali,3293
7/9/2022,Bali,3641
7/10/2022,Bali,4015
7/11/2022,Bali,4269
7/12/2022,Bali,4596
7/13/2022,Bali,4939
7/14/2022,Bali,5394
7/15/2022,Bali,5803
7/16/2022,Bali,6191
7/17/2022,Bali,6658
7/18/2022,Bali,7117
7/19/2022,Bali,7312
7/20/2022,Bali,7636
7/21/2022,Bali,8066
7/22/2022,Bali,8631
7/23/2022,Bali,9320
7/24/2022,Bali,9656
7/25/2022,Bali,9922
7/26/2022,Bali,10172
7/27/2022,Bali,10624
7/28/2022,Bali,11077
7/29/2022,Bali,11561
7/30/2022,Bali,12078
7/31/2022,Bali,12416
8/1/2022,Bali,12690
8/2/2022,Bali,12917
8/3/2022,Bali,13344
8/4/2022,Bali,13594
8/5/2022,Bali,13803
8/6/2022,Bali,13475
8/7/2022,Bali,13202
8/8/2022,Bali,13082
8/9/2022,Bali,12937
8/10/2022,Bali,12736
8/11/2022,Bali,12831
8/12/2022,Bali,12592
8/13/2022,Bali,12327
8/14/2022,Bali,12444
8/15/2022,Bali,11426
8/16/2022,Bali,11303
8/17/2022,Bali,11206
8/18/2022,Bali,10720
8/19/2022,Bali,10665
8/20/2022,Bali,10387
8/21/2022,Bali,9982
8/22/2022,Bali,9458
8/23/2022,Bali,8814
8/24/2022,Bali,8736
8/25/2022,Bali,8599
8/26/2022,Bali,8163
8/27/2022,Bali,7991
8/28/2022,Bali,7607
8/29/2022,Bali,6933
8/30/2022,Bali,6322
8/31/2022,Bali,6425
9/1/2022,Bali,6371
9/2/2022,Bali,5991
9/3/2022,Bali,5738
9/4/2022,Bali,5258
9/5/2022,Bali,5034
9/6/2022,Bali,4871
9/7/2022,Bali,4790
9/8/2022,Bali,4770
9/9/2022,Bali,4606
9/10/2022,Bali,4437
9/11/2022,Bali,4319
9/12/2022,Bali,4121
9/13/2022,Bali,3876
9/14/2022,Bali,3401
9/15/2022,Bali,2765
9/16/2022,Bali,2345
9/17/2022,Bali,2285
9/18/2022,Bali,2211
9/19/2022,Bali,2140
9/20/2022,Bali,2001
9/21/2022,Bali,1902
9/22/2022,Bali,1782
9/23/2022,Bali,1672
9/24/2022,Bali,1629
9/25/2022,Bali,1576
9/26/2022,Bali,1514
9/27/2022,Bali,1438
9/28/2022,Bali,1259
9/29/2022,Bali,1160
9/30/2022,Bali,1012
