Tanggal;Provinsi;Kasus Aktif
21-Mar;Jawa Barat;47
22-Mar;Jawa Barat;45
23-Mar;Jawa Barat;45
24-Mar;Jawa Barat;45
25-Mar;Jawa Barat;58
26-Mar;Jawa Barat;62
27-Mar;Jawa Barat;79
28-Mar;Jawa Barat;96
29-Mar;Jawa Barat;124
30-Mar;Jawa Barat;152
31-Mar;Jawa Barat;166
01-Apr;Jawa Barat;188
02-Apr;Jawa Barat;187
03-Apr;Jawa Barat;188
04-Apr;Jawa Barat;207
05-Apr;Jawa Barat;212
06-Apr;Jawa Barat;221
07-Apr;Jawa Barat;297
08-Apr;Jawa Barat;313
09-Apr;Jawa Barat;317
10-Apr;Jawa Barat;329
11-Apr;Jawa Barat;362
12-Apr;Jawa Barat;388
13-Apr;Jawa Barat;466
14-Apr;Jawa Barat;455
15-Apr;Jawa Barat;484
16-Apr;Jawa Barat;489
17-Apr;Jawa Barat;535
18-Apr;Jawa Barat;544
19-Apr;Jawa Barat;592
20-Apr;Jawa Barat;629
21-Apr;Jawa Barat;613
22-Apr;Jawa Barat;612
23-Apr;Jawa Barat;623
24-Apr;Jawa Barat;695
25-Apr;Jawa Barat;737
26-Apr;Jawa Barat;742
27-Apr;Jawa Barat;777
28-Apr;Jawa Barat;787
29-Apr;Jawa Barat;823
30-Apr;Jawa Barat;786
01-May;Jawa Barat;784
02-May;Jawa Barat;812
03-May;Jawa Barat;817
04-May;Jawa Barat;1007
05-May;Jawa Barat;1046
06-May;Jawa Barat;1053
07-May;Jawa Barat;1109
08-May;Jawa Barat;1128
09-May;Jawa Barat;1140
10-May;Jawa Barat;1140
11-May;Jawa Barat;1185
12-May;Jawa Barat;1234
13-May;Jawa Barat;1221
14-May;Jawa Barat;1224
15-May;Jawa Barat;1237
16-May;Jawa Barat;1256
17-May;Jawa Barat;1222
18-May;Jawa Barat;1157
19-May;Jawa Barat;1165
20-May;Jawa Barat;1340
21-May;Jawa Barat;1416
22-May;Jawa Barat;1445
23-May;Jawa Barat;1447
24-May;Jawa Barat;1484
25-May;Jawa Barat;1506
26-May;Jawa Barat;1488
27-May;Jawa Barat;1473
28-May;Jawa Barat;1453
29-May;Jawa Barat;1477
30-May;Jawa Barat;1471
31-May;Jawa Barat;1497
01-Jun;Jawa Barat;1531
02-Jun;Jawa Barat;1515
03-Jun;Jawa Barat;1464
04-Jun;Jawa Barat;1480
05-Jun;Jawa Barat;1444
06-Jun;Jawa Barat;1439
07-Jun;Jawa Barat;1368
08-Jun;Jawa Barat;1311
09-Jun;Jawa Barat;1325
10-Jun;Jawa Barat;1350
11-Jun;Jawa Barat;1374
12-Jun;Jawa Barat;1354
13-Jun;Jawa Barat;1333
14-Jun;Jawa Barat;1308
15-Jun;Jawa Barat;1319
16-Jun;Jawa Barat;1349
17-Jun;Jawa Barat;1357
18-Jun;Jawa Barat;1356
19-Jun;Jawa Barat;1373
20-Jun;Jawa Barat;1396
21-Jun;Jawa Barat;1414
22-Jun;Jawa Barat;1407
23-Jun;Jawa Barat;1413
24-Jun;Jawa Barat;1448
25-Jun;Jawa Barat;1416
26-Jun;Jawa Barat;1341
27-Jun;Jawa Barat;1376
28-Jun;Jawa Barat;1396
29-Jun;Jawa Barat;1437
30-Jun;Jawa Barat;1435
01-Jul;Jawa Barat;1477
02-Jul;Jawa Barat;1502
03-Jul;Jawa Barat;1529
04-Jul;Jawa Barat;1601
05-Jul;Jawa Barat;1695
06-Jul;Jawa Barat;1804
07-Jul;Jawa Barat;1836
08-Jul;Jawa Barat;1912
09-Jul;Jawa Barat;2846
10-Jul;Jawa Barat;2926
11-Jul;Jawa Barat;2974
12-Jul;Jawa Barat;3014
13-Jul;Jawa Barat;3078
14-Jul;Jawa Barat;3125
15-Jul;Jawa Barat;3059
16-Jul;Jawa Barat;3061
17-Jul;Jawa Barat;3071
18-Jul;Jawa Barat;3097
19-Jul;Jawa Barat;3120
20-Jul;Jawa Barat;3086
21-Jul;Jawa Barat;3111
22-Jul;Jawa Barat;3118
23-Jul;Jawa Barat;3166
24-Jul;Jawa Barat;3238
25-Jul;Jawa Barat;3277
26-Jul;Jawa Barat;3305
27-Jul;Jawa Barat;2944
28-Jul;Jawa Barat;2445
29-Jul;Jawa Barat;2491
30-Jul;Jawa Barat;2302
31-Jul;Jawa Barat;2356
01-Aug;Jawa Barat;2389
02-Aug;Jawa Barat;2435
03-Aug;Jawa Barat;2443
04-Aug;Jawa Barat;2361
05-Aug;Jawa Barat;2476
06-Aug;Jawa Barat;2526
07-Aug;Jawa Barat;2611
08-Aug;Jawa Barat;2811
09-Aug;Jawa Barat;2921
10-Aug;Jawa Barat;2927
11-Aug;Jawa Barat;2979
12-Aug;Jawa Barat;3016
13-Aug;Jawa Barat;3097
14-Aug;Jawa Barat;3449
15-Aug;Jawa Barat;3650
16-Aug;Jawa Barat;3690
17-Aug;Jawa Barat;3689
18-Aug;Jawa Barat;3718
19-Aug;Jawa Barat;3770
20-Aug;Jawa Barat;3896
21-Aug;Jawa Barat;3859
22-Aug;Jawa Barat;3806
23-Aug;Jawa Barat;3356
24-Aug;Jawa Barat;3282
25-Aug;Jawa Barat;3526
26-Aug;Jawa Barat;3674
27-Aug;Jawa Barat;3742
28-Aug;Jawa Barat;4199
29-Aug;Jawa Barat;4478
30-Aug;Jawa Barat;4560
31-Aug;Jawa Barat;4640
01-Sep;Jawa Barat;4801
02-Sep;Jawa Barat;4866
03-Sep;Jawa Barat;5070
04-Sep;Jawa Barat;5368
05-Sep;Jawa Barat;5551
06-Sep;Jawa Barat;5670
07-Sep;Jawa Barat;5786
08-Sep;Jawa Barat;6044
09-Sep;Jawa Barat;6281
10-Sep;Jawa Barat;6507
11-Sep;Jawa Barat;6486
12-Sep;Jawa Barat;6444
13-Sep;Jawa Barat;6404
14-Sep;Jawa Barat;6443
15-Sep;Jawa Barat;6527
16-Sep;Jawa Barat;6606
17-Sep;Jawa Barat;6625
18-Sep;Jawa Barat;6676
19-Sep;Jawa Barat;6592
20-Sep;Jawa Barat;6595
21-Sep;Jawa Barat;7016
22-Sep;Jawa Barat;6992
23-Sep;Jawa Barat;7325
24-Sep;Jawa Barat;7868
25-Sep;Jawa Barat;7741
26-Sep;Jawa Barat;7487
27-Sep;Jawa Barat;7693
28-Sep;Jawa Barat;7872
29-Sep;Jawa Barat;8075
30-Sep;Jawa Barat;8135
01-Oct;Jawa Barat;8551
02-Oct;Jawa Barat;8895
03-Oct;Jawa Barat;9128
04-Oct;Jawa Barat;9282
05-Oct;Jawa Barat;8980
06-Oct;Jawa Barat;9271
07-Oct;Jawa Barat;9497
08-Oct;Jawa Barat;9766
09-Oct;Jawa Barat;9705
10-Oct;Jawa Barat;9594
11-Oct;Jawa Barat;9244
12-Oct;Jawa Barat;9283
13-Oct;Jawa Barat;9279
14-Oct;Jawa Barat;9184
15-Oct;Jawa Barat;9463
16-Oct;Jawa Barat;9500
17-Oct;Jawa Barat;9560
18-Oct;Jawa Barat;9426
19-Oct;Jawa Barat;9590
20-Oct;Jawa Barat;9829
21-Oct;Jawa Barat;9920
22-Oct;Jawa Barat;10301
23-Oct;Jawa Barat;10476
24-Oct;Jawa Barat;10224
25-Oct;Jawa Barat;10102
26-Oct;Jawa Barat;10076
27-Oct;Jawa Barat;9897
28-Oct;Jawa Barat;9927
29-Oct;Jawa Barat;9894
30-Oct;Jawa Barat;9854
31-Oct;Jawa Barat;9975
01-Nov;Jawa Barat;9580
02-Nov;Jawa Barat;9521
03-Nov;Jawa Barat;9613
04-Nov;Jawa Barat;9824
05-Nov;Jawa Barat;10062
06-Nov;Jawa Barat;10198
07-Nov;Jawa Barat;10212
08-Nov;Jawa Barat;10065
09-Nov;Jawa Barat;9473
10-Nov;Jawa Barat;9311
11-Nov;Jawa Barat;9540
12-Nov;Jawa Barat;9728
13-Nov;Jawa Barat;10142
14-Nov;Jawa Barat;10477
15-Nov;Jawa Barat;9763
16-Nov;Jawa Barat;9574
17-Nov;Jawa Barat;9402
18-Nov;Jawa Barat;8986
19-Nov;Jawa Barat;8931
20-Nov;Jawa Barat;8775
21-Nov;Jawa Barat;8509
22-Nov;Jawa Barat;8187
23-Nov;Jawa Barat;7774
24-Nov;Jawa Barat;7641
25-Nov;Jawa Barat;7608
26-Nov;Jawa Barat;7668
27-Nov;Jawa Barat;7580
28-Nov;Jawa Barat;7080
29-Nov;Jawa Barat;6532
30-Nov;Jawa Barat;6559
01-Dec;Jawa Barat;6710
02-Dec;Jawa Barat;7084
03-Dec;Jawa Barat;8458
04-Dec;Jawa Barat;9067
05-Dec;Jawa Barat;9464
06-Dec;Jawa Barat;9720
07-Dec;Jawa Barat;9817
08-Dec;Jawa Barat;9800
09-Dec;Jawa Barat;10146
10-Dec;Jawa Barat;10291
11-Dec;Jawa Barat;10387
12-Dec;Jawa Barat;10661
13-Dec;Jawa Barat;10877
14-Dec;Jawa Barat;10609
15-Dec;Jawa Barat;10717
16-Dec;Jawa Barat;11130
17-Dec;Jawa Barat;11498
18-Dec;Jawa Barat;11553
19-Dec;Jawa Barat;12048
20-Dec;Jawa Barat;11913
21-Dec;Jawa Barat;11995
22-Dec;Jawa Barat;12146
23-Dec;Jawa Barat;12092
24-Dec;Jawa Barat;12292
25-Dec;Jawa Barat;12470
26-Dec;Jawa Barat;12393
27-Dec;Jawa Barat;12070
28-Dec;Jawa Barat;11641
29-Dec;Jawa Barat;11810
30-Dec;Jawa Barat;11833
31-Dec;Jawa Barat;11619
01-Jan;Jawa Barat;11910
02-Jan;Jawa Barat;12160
03-Jan;Jawa Barat;12273
04-Jan;Jawa Barat;12306
05-Jan;Jawa Barat;12315
06-Jan;Jawa Barat;12411
07-Jan;Jawa Barat;12617
08-Jan;Jawa Barat;13523
09-Jan;Jawa Barat;14069
10-Jan;Jawa Barat;14577
11-Jan;Jawa Barat;14981
12-Jan;Jawa Barat;15536
13-Jan;Jawa Barat;16212
14-Jan;Jawa Barat;17032
15-Jan;Jawa Barat;19026
16-Jan;Jawa Barat;20301
17-Jan;Jawa Barat;20199
18-Jan;Jawa Barat;20033
19-Jan;Jawa Barat;20331
20-Jan;Jawa Barat;20648
21-Jan;Jawa Barat;20219
22-Jan;Jawa Barat;21291
23-Jan;Jawa Barat;20965
24-Jan;Jawa Barat;21518
25-Jan;Jawa Barat;22307
26-Jan;Jawa Barat;23970
27-Jan;Jawa Barat;25262
28-Jan;Jawa Barat;27304
29-Jan;Jawa Barat;28896
30-Jan;Jawa Barat;30827
31-Jan;Jawa Barat;31153
01-Feb;Jawa Barat;31567
02-Feb;Jawa Barat;31277
03-Feb;Jawa Barat;31618
04-Feb;Jawa Barat;31262
05-Feb;Jawa Barat;30677
06-Feb;Jawa Barat;31527
07-Feb;Jawa Barat;31413
08-Feb;Jawa Barat;29766
09-Feb;Jawa Barat;28308
10-Feb;Jawa Barat;27903
11-Feb;Jawa Barat;27807
12-Feb;Jawa Barat;26903
13-Feb;Jawa Barat;26155
14-Feb;Jawa Barat;25339
15-Feb;Jawa Barat;25016
16-Feb;Jawa Barat;26934
17-Feb;Jawa Barat;28352
18-Feb;Jawa Barat;29514
19-Feb;Jawa Barat;30685
20-Feb;Jawa Barat;30127
21-Feb;Jawa Barat;29521
22-Feb;Jawa Barat;30485
23-Feb;Jawa Barat;32747
24-Feb;Jawa Barat;33552
25-Feb;Jawa Barat;34959
26-Feb;Jawa Barat;36398
27-Feb;Jawa Barat;36618
28-Feb;Jawa Barat;36803
01-Mar;Jawa Barat;36769
02-Mar;Jawa Barat;36135
03-Mar;Jawa Barat;35748
04-Mar;Jawa Barat;36217
05-Mar;Jawa Barat;36298
06-Mar;Jawa Barat;36066
07-Mar;Jawa Barat;36892
08-Mar;Jawa Barat;36650
09-Mar;Jawa Barat;37410
10-Mar;Jawa Barat;37711
11-Mar;Jawa Barat;34274
12-Mar;Jawa Barat;33106
13-Mar;Jawa Barat;32438
14-Mar;Jawa Barat;32619
15-Mar;Jawa Barat;32361
16-Mar;Jawa Barat;31822
17-Mar;Jawa Barat;28983
18-Mar;Jawa Barat;29030
19-Mar;Jawa Barat;29400
20-Mar;Jawa Barat;28503
21-Mar;Jawa Barat;27674
22-Mar;Jawa Barat;27826
23-Mar;Jawa Barat;27607
24-Mar;Jawa Barat;26460
25-Mar;Jawa Barat;26473
26-Mar;Jawa Barat;25832
27-Mar;Jawa Barat;25024
28-Mar;Jawa Barat;24712
29-Mar;Jawa Barat;24946
30-Mar;Jawa Barat;24807
31-Mar;Jawa Barat;25054
01-Apr;Jawa Barat;24726
02-Apr;Jawa Barat;24899
03-Apr;Jawa Barat;24865
04-Apr;Jawa Barat;24905
05-Apr;Jawa Barat;25118
06-Apr;Jawa Barat;25369
07-Apr;Jawa Barat;25443
08-Apr;Jawa Barat;24921
09-Apr;Jawa Barat;25378
10-Apr;Jawa Barat;25891
11-Apr;Jawa Barat;25968
12-Apr;Jawa Barat;27061
13-Apr;Jawa Barat;27421
14-Apr;Jawa Barat;28303
15-Apr;Jawa Barat;28126
16-Apr;Jawa Barat;28507
17-Apr;Jawa Barat;28634
18-Apr;Jawa Barat;28987
19-Apr;Jawa Barat;29547
20-Apr;Jawa Barat;30282
21-Apr;Jawa Barat;28934
22-Apr;Jawa Barat;28926
23-Apr;Jawa Barat;28938
24-Apr;Jawa Barat;28555
25-Apr;Jawa Barat;28834
26-Apr;Jawa Barat;29924
27-Apr;Jawa Barat;30225
28-Apr;Jawa Barat;30534
29-Apr;Jawa Barat;30483
30-Apr;Jawa Barat;30454
01-May;Jawa Barat;30443
02-May;Jawa Barat;30626
03-May;Jawa Barat;30958
04-May;Jawa Barat;30461
05-May;Jawa Barat;30144
06-May;Jawa Barat;29588
07-May;Jawa Barat;30173
08-May;Jawa Barat;30394
09-May;Jawa Barat;30321
10-May;Jawa Barat;29071
11-May;Jawa Barat;29353
12-May;Jawa Barat;29392
13-May;Jawa Barat;29181
14-May;Jawa Barat;29104
15-May;Jawa Barat;29246
16-May;Jawa Barat;29590
17-May;Jawa Barat;29782
18-May;Jawa Barat;29255
19-May;Jawa Barat;28944
20-May;Jawa Barat;28938
21-May;Jawa Barat;28523
22-May;Jawa Barat;28866
23-May;Jawa Barat;29117
24-May;Jawa Barat;29068
25-May;Jawa Barat;29057
26-May;Jawa Barat;29045
27-May;Jawa Barat;29343
28-May;Jawa Barat;29610
29-May;Jawa Barat;29637
30-May;Jawa Barat;29785
31-May;Jawa Barat;29877
01-Jun;Jawa Barat;28718
02-Jun;Jawa Barat;26749
03-Jun;Jawa Barat;20258
04-Jun;Jawa Barat;19450
05-Jun;Jawa Barat;19725
06-Jun;Jawa Barat;20225
07-Jun;Jawa Barat;21019
08-Jun;Jawa Barat;21070
09-Jun;Jawa Barat;21772
10-Jun;Jawa Barat;21827
11-Jun;Jawa Barat;21654
12-Jun;Jawa Barat;21750
13-Jun;Jawa Barat;22271
14-Jun;Jawa Barat;22034
15-Jun;Jawa Barat;22529
16-Jun;Jawa Barat;23602
17-Jun;Jawa Barat;25289
18-Jun;Jawa Barat;26739
19-Jun;Jawa Barat;27782
20-Jun;Jawa Barat;28756
21-Jun;Jawa Barat;30202
22-Jun;Jawa Barat;32571
23-Jun;Jawa Barat;34413
24-Jun;Jawa Barat;35717
25-Jun;Jawa Barat;38219
26-Jun;Jawa Barat;40736
27-Jun;Jawa Barat;43436
28-Jun;Jawa Barat;46961
29-Jun;Jawa Barat;49617
30-Jun;Jawa Barat;51825
01-Jul;Jawa Barat;56655
02-Jul;Jawa Barat;59965
03-Jul;Jawa Barat;63045
04-Jul;Jawa Barat;65330
05-Jul;Jawa Barat;70596
06-Jul;Jawa Barat;74263
07-Jul;Jawa Barat;79082
08-Jul;Jawa Barat;83459
09-Jul;Jawa Barat;85748
10-Jul;Jawa Barat;86511
11-Jul;Jawa Barat;89363
12-Jul;Jawa Barat;92681
13-Jul;Jawa Barat;95559
14-Jul;Jawa Barat;101742
15-Jul;Jawa Barat;107580
16-Jul;Jawa Barat;110834
17-Jul;Jawa Barat;115257
18-Jul;Jawa Barat;119048
19-Jul;Jawa Barat;121035
20-Jul;Jawa Barat;124826
21-Jul;Jawa Barat;123795
22-Jul;Jawa Barat;126865
23-Jul;Jawa Barat;128759
24-Jul;Jawa Barat;129522
25-Jul;Jawa Barat;129560
26-Jul;Jawa Barat;128847
27-Jul;Jawa Barat;127787
28-Jul;Jawa Barat;127881
29-Jul;Jawa Barat;127345
30-Jul;Jawa Barat;126732
31-Jul;Jawa Barat;123826
01-Aug;Jawa Barat;122965
02-Aug;Jawa Barat;118967
03-Aug;Jawa Barat;118075
04-Aug;Jawa Barat;116549
05-Aug;Jawa Barat;111462
06-Aug;Jawa Barat;107907
07-Aug;Jawa Barat;105913
08-Aug;Jawa Barat;89300
09-Aug;Jawa Barat;82802
10-Aug;Jawa Barat;79033
11-Aug;Jawa Barat;73967
12-Aug;Jawa Barat;71226
13-Aug;Jawa Barat;65365
14-Aug;Jawa Barat;65000
15-Aug;Jawa Barat;64154
16-Aug;Jawa Barat;62027
17-Aug;Jawa Barat;59686
18-Aug;Jawa Barat;56337
19-Aug;Jawa Barat;52684
20-Aug;Jawa Barat;52087
21-Aug;Jawa Barat;51837
22-Aug;Jawa Barat;51140
23-Aug;Jawa Barat;50984
24-Aug;Jawa Barat;41673
25-Aug;Jawa Barat;33381
26-Aug;Jawa Barat;27706
27-Aug;Jawa Barat;26468
28-Aug;Jawa Barat;25743
29-Aug;Jawa Barat;24802
30-Aug;Jawa Barat;22598
31-Aug;Jawa Barat;21401
01-Sep;Jawa Barat;20823
02-Sep;Jawa Barat;16724
03-Sep;Jawa Barat;15132
04-Sep;Jawa Barat;13066
05-Sep;Jawa Barat;12608
06-Sep;Jawa Barat;11135
07-Sep;Jawa Barat;8812
08-Sep;Jawa Barat;8325
09-Sep;Jawa Barat;8117
10-Sep;Jawa Barat;7719
11-Sep;Jawa Barat;7862
12-Sep;Jawa Barat;7447
13-Sep;Jawa Barat;6945
14-Sep;Jawa Barat;6609
15-Sep;Jawa Barat;5983
16-Sep;Jawa Barat;5565
17-Sep;Jawa Barat;5506
18-Sep;Jawa Barat;5308
19-Sep;Jawa Barat;4850
20-Sep;Jawa Barat;4504
21-Sep;Jawa Barat;4215
22-Sep;Jawa Barat;3986
23-Sep;Jawa Barat;3843
24-Sep;Jawa Barat;3719
25-Sep;Jawa Barat;3691
26-Sep;Jawa Barat;3546
27-Sep;Jawa Barat;3260
28-Sep;Jawa Barat;3220
29-Sep;Jawa Barat;3017
30-Sep;Jawa Barat;2879
21-Mar;Jawa Tengah;11
22-Mar;Jawa Tengah;12
23-Mar;Jawa Tengah;12
24-Mar;Jawa Tengah;16
25-Mar;Jawa Tengah;34
26-Mar;Jawa Tengah;34
27-Mar;Jawa Tengah;37
28-Mar;Jawa Tengah;48
29-Mar;Jawa Tengah;56
30-Mar;Jawa Tengah;74
31-Mar;Jawa Tengah;86
01-Apr;Jawa Tengah;97
02-Apr;Jawa Tengah;97
03-Apr;Jawa Tengah;85
04-Apr;Jawa Tengah;91
05-Apr;Jawa Tengah;88
06-Apr;Jawa Tengah;96
07-Apr;Jawa Tengah;97
08-Apr;Jawa Tengah;104
09-Apr;Jawa Tengah;104
10-Apr;Jawa Tengah;104
11-Apr;Jawa Tengah;104
12-Apr;Jawa Tengah;156
13-Apr;Jawa Tengah;159
14-Apr;Jawa Tengah;233
15-Apr;Jawa Tengah;246
16-Apr;Jawa Tengah;254
17-Apr;Jawa Tengah;227
18-Apr;Jawa Tengah;244
19-Apr;Jawa Tengah;254
20-Apr;Jawa Tengah;256
21-Apr;Jawa Tengah;354
22-Apr;Jawa Tengah;372
23-Apr;Jawa Tengah;431
24-Apr;Jawa Tengah;463
25-Apr;Jawa Tengah;509
26-Apr;Jawa Tengah;519
27-Apr;Jawa Tengah;520
28-Apr;Jawa Tengah;535
29-Apr;Jawa Tengah;551
30-Apr;Jawa Tengah;563
01-May;Jawa Tengah;574
02-May;Jawa Tengah;593
03-May;Jawa Tengah;602
04-May;Jawa Tengah;624
05-May;Jawa Tengah;655
06-May;Jawa Tengah;682
07-May;Jawa Tengah;695
08-May;Jawa Tengah;707
09-May;Jawa Tengah;720
10-May;Jawa Tengah;739
11-May;Jawa Tengah;685
12-May;Jawa Tengah;694
13-May;Jawa Tengah;728
14-May;Jawa Tengah;771
15-May;Jawa Tengah;805
16-May;Jawa Tengah;823
17-May;Jawa Tengah;840
18-May;Jawa Tengah;843
19-May;Jawa Tengah;853
20-May;Jawa Tengah;869
21-May;Jawa Tengah;892
22-May;Jawa Tengah;909
23-May;Jawa Tengah;963
24-May;Jawa Tengah;980
25-May;Jawa Tengah;981
26-May;Jawa Tengah;970
27-May;Jawa Tengah;981
28-May;Jawa Tengah;990
29-May;Jawa Tengah;944
30-May;Jawa Tengah;941
31-May;Jawa Tengah;972
01-Jun;Jawa Tengah;977
02-Jun;Jawa Tengah;991
03-Jun;Jawa Tengah;1013
04-Jun;Jawa Tengah;1036
05-Jun;Jawa Tengah;1054
06-Jun;Jawa Tengah;1079
07-Jun;Jawa Tengah;1099
08-Jun;Jawa Tengah;1116
09-Jun;Jawa Tengah;1063
10-Jun;Jawa Tengah;1084
11-Jun;Jawa Tengah;1098
12-Jun;Jawa Tengah;1092
13-Jun;Jawa Tengah;1134
14-Jun;Jawa Tengah;1226
15-Jun;Jawa Tengah;1289
16-Jun;Jawa Tengah;1315
17-Jun;Jawa Tengah;1365
18-Jun;Jawa Tengah;1381
19-Jun;Jawa Tengah;1428
20-Jun;Jawa Tengah;1506
21-Jun;Jawa Tengah;1583
22-Jun;Jawa Tengah;1603
23-Jun;Jawa Tengah;1598
24-Jun;Jawa Tengah;1662
25-Jun;Jawa Tengah;1740
26-Jun;Jawa Tengah;1917
27-Jun;Jawa Tengah;2092
28-Jun;Jawa Tengah;2266
29-Jun;Jawa Tengah;2421
30-Jun;Jawa Tengah;2524
01-Jul;Jawa Tengah;2587
02-Jul;Jawa Tengah;2632
03-Jul;Jawa Tengah;2716
04-Jul;Jawa Tengah;2761
05-Jul;Jawa Tengah;2904
06-Jul;Jawa Tengah;2956
07-Jul;Jawa Tengah;3041
08-Jul;Jawa Tengah;3171
09-Jul;Jawa Tengah;3261
10-Jul;Jawa Tengah;3213
11-Jul;Jawa Tengah;3263
12-Jul;Jawa Tengah;3298
13-Jul;Jawa Tengah;3368
14-Jul;Jawa Tengah;3418
15-Jul;Jawa Tengah;3541
16-Jul;Jawa Tengah;3666
17-Jul;Jawa Tengah;3546
18-Jul;Jawa Tengah;3562
19-Jul;Jawa Tengah;3419
20-Jul;Jawa Tengah;3437
21-Jul;Jawa Tengah;3443
22-Jul;Jawa Tengah;3562
23-Jul;Jawa Tengah;3667
24-Jul;Jawa Tengah;3651
25-Jul;Jawa Tengah;3732
26-Jul;Jawa Tengah;3698
27-Jul;Jawa Tengah;3783
28-Jul;Jawa Tengah;3740
29-Jul;Jawa Tengah;3764
30-Jul;Jawa Tengah;3536
31-Jul;Jawa Tengah;3573
01-Aug;Jawa Tengah;3402
02-Aug;Jawa Tengah;3307
03-Aug;Jawa Tengah;3282
04-Aug;Jawa Tengah;3242
05-Aug;Jawa Tengah;3221
06-Aug;Jawa Tengah;3142
07-Aug;Jawa Tengah;3171
08-Aug;Jawa Tengah;3180
09-Aug;Jawa Tengah;3255
10-Aug;Jawa Tengah;3164
11-Aug;Jawa Tengah;3157
12-Aug;Jawa Tengah;3185
13-Aug;Jawa Tengah;3272
14-Aug;Jawa Tengah;3402
15-Aug;Jawa Tengah;3468
16-Aug;Jawa Tengah;3568
17-Aug;Jawa Tengah;3557
18-Aug;Jawa Tengah;3570
19-Aug;Jawa Tengah;3563
20-Aug;Jawa Tengah;3591
21-Aug;Jawa Tengah;3582
22-Aug;Jawa Tengah;3523
23-Aug;Jawa Tengah;3641
24-Aug;Jawa Tengah;3691
25-Aug;Jawa Tengah;3744
26-Aug;Jawa Tengah;3703
27-Aug;Jawa Tengah;3707
28-Aug;Jawa Tengah;3801
29-Aug;Jawa Tengah;3881
30-Aug;Jawa Tengah;3922
31-Aug;Jawa Tengah;3993
01-Sep;Jawa Tengah;4058
02-Sep;Jawa Tengah;4091
03-Sep;Jawa Tengah;4180
04-Sep;Jawa Tengah;4245
05-Sep;Jawa Tengah;4208
06-Sep;Jawa Tengah;4249
07-Sep;Jawa Tengah;4344
08-Sep;Jawa Tengah;4427
09-Sep;Jawa Tengah;4536
10-Sep;Jawa Tengah;4761
11-Sep;Jawa Tengah;5128
12-Sep;Jawa Tengah;5352
13-Sep;Jawa Tengah;5518
14-Sep;Jawa Tengah;5439
15-Sep;Jawa Tengah;5438
16-Sep;Jawa Tengah;5640
17-Sep;Jawa Tengah;5687
18-Sep;Jawa Tengah;5457
19-Sep;Jawa Tengah;5285
20-Sep;Jawa Tengah;5279
21-Sep;Jawa Tengah;5176
22-Sep;Jawa Tengah;4956
23-Sep;Jawa Tengah;4822
24-Sep;Jawa Tengah;4542
25-Sep;Jawa Tengah;4589
26-Sep;Jawa Tengah;4727
27-Sep;Jawa Tengah;4864
28-Sep;Jawa Tengah;4959
29-Sep;Jawa Tengah;4962
30-Sep;Jawa Tengah;4987
01-Oct;Jawa Tengah;5094
02-Oct;Jawa Tengah;5218
03-Oct;Jawa Tengah;5385
04-Oct;Jawa Tengah;5513
05-Oct;Jawa Tengah;5673
06-Oct;Jawa Tengah;5725
07-Oct;Jawa Tengah;5834
08-Oct;Jawa Tengah;5902
09-Oct;Jawa Tengah;6094
10-Oct;Jawa Tengah;6217
11-Oct;Jawa Tengah;6322
12-Oct;Jawa Tengah;6274
13-Oct;Jawa Tengah;6440
14-Oct;Jawa Tengah;5819
15-Oct;Jawa Tengah;4040
16-Oct;Jawa Tengah;4078
17-Oct;Jawa Tengah;4164
18-Oct;Jawa Tengah;4125
19-Oct;Jawa Tengah;4084
20-Oct;Jawa Tengah;3913
21-Oct;Jawa Tengah;3894
22-Oct;Jawa Tengah;4033
23-Oct;Jawa Tengah;4119
24-Oct;Jawa Tengah;3953
25-Oct;Jawa Tengah;3938
26-Oct;Jawa Tengah;3775
27-Oct;Jawa Tengah;3762
28-Oct;Jawa Tengah;3743
29-Oct;Jawa Tengah;3872
30-Oct;Jawa Tengah;3753
31-Oct;Jawa Tengah;4073
01-Nov;Jawa Tengah;4188
02-Nov;Jawa Tengah;4064
03-Nov;Jawa Tengah;4064
04-Nov;Jawa Tengah;4234
05-Nov;Jawa Tengah;4249
06-Nov;Jawa Tengah;4557
07-Nov;Jawa Tengah;4717
08-Nov;Jawa Tengah;5090
09-Nov;Jawa Tengah;5402
10-Nov;Jawa Tengah;5835
11-Nov;Jawa Tengah;5675
12-Nov;Jawa Tengah;5933
13-Nov;Jawa Tengah;6939
14-Nov;Jawa Tengah;7891
15-Nov;Jawa Tengah;8665
16-Nov;Jawa Tengah;9027
17-Nov;Jawa Tengah;9277
18-Nov;Jawa Tengah;9366
19-Nov;Jawa Tengah;9469
20-Nov;Jawa Tengah;9571
21-Nov;Jawa Tengah;9975
22-Nov;Jawa Tengah;9809
23-Nov;Jawa Tengah;10494
24-Nov;Jawa Tengah;11109
25-Nov;Jawa Tengah;11746
26-Nov;Jawa Tengah;12002
27-Nov;Jawa Tengah;12534
28-Nov;Jawa Tengah;13173
29-Nov;Jawa Tengah;14376
30-Nov;Jawa Tengah;13963
01-Dec;Jawa Tengah;14210
02-Dec;Jawa Tengah;14525
03-Dec;Jawa Tengah;14951
04-Dec;Jawa Tengah;15504
05-Dec;Jawa Tengah;15890
06-Dec;Jawa Tengah;16238
07-Dec;Jawa Tengah;16538
08-Dec;Jawa Tengah;16878
09-Dec;Jawa Tengah;17418
10-Dec;Jawa Tengah;17750
11-Dec;Jawa Tengah;18434
12-Dec;Jawa Tengah;19030
13-Dec;Jawa Tengah;19686
14-Dec;Jawa Tengah;19674
15-Dec;Jawa Tengah;19538
16-Dec;Jawa Tengah;19076
17-Dec;Jawa Tengah;19377
18-Dec;Jawa Tengah;19334
19-Dec;Jawa Tengah;20077
20-Dec;Jawa Tengah;20710
21-Dec;Jawa Tengah;21172
22-Dec;Jawa Tengah;21450
23-Dec;Jawa Tengah;21800
24-Dec;Jawa Tengah;22217
25-Dec;Jawa Tengah;22006
26-Dec;Jawa Tengah;22476
27-Dec;Jawa Tengah;22580
28-Dec;Jawa Tengah;22805
29-Dec;Jawa Tengah;22976
30-Dec;Jawa Tengah;23409
31-Dec;Jawa Tengah;23745
01-Jan;Jawa Tengah;24034
02-Jan;Jawa Tengah;23995
03-Jan;Jawa Tengah;24386
04-Jan;Jawa Tengah;24351
05-Jan;Jawa Tengah;23745
06-Jan;Jawa Tengah;23707
07-Jan;Jawa Tengah;23802
08-Jan;Jawa Tengah;23957
09-Jan;Jawa Tengah;24688
10-Jan;Jawa Tengah;25573
11-Jan;Jawa Tengah;25800
12-Jan;Jawa Tengah;25719
13-Jan;Jawa Tengah;26370
14-Jan;Jawa Tengah;26638
15-Jan;Jawa Tengah;27833
16-Jan;Jawa Tengah;28940
17-Jan;Jawa Tengah;30552
18-Jan;Jawa Tengah;30848
19-Jan;Jawa Tengah;31642
20-Jan;Jawa Tengah;32819
21-Jan;Jawa Tengah;33574
22-Jan;Jawa Tengah;34686
23-Jan;Jawa Tengah;35977
24-Jan;Jawa Tengah;37462
25-Jan;Jawa Tengah;36478
26-Jan;Jawa Tengah;36368
27-Jan;Jawa Tengah;36407
28-Jan;Jawa Tengah;36486
29-Jan;Jawa Tengah;37580
30-Jan;Jawa Tengah;38521
31-Jan;Jawa Tengah;39459
01-Feb;Jawa Tengah;38365
02-Feb;Jawa Tengah;38038
03-Feb;Jawa Tengah;38803
04-Feb;Jawa Tengah;39712
05-Feb;Jawa Tengah;41067
06-Feb;Jawa Tengah;42543
07-Feb;Jawa Tengah;43498
08-Feb;Jawa Tengah;43264
09-Feb;Jawa Tengah;43499
10-Feb;Jawa Tengah;43398
11-Feb;Jawa Tengah;43620
12-Feb;Jawa Tengah;44110
13-Feb;Jawa Tengah;44207
14-Feb;Jawa Tengah;44569
15-Feb;Jawa Tengah;45198
16-Feb;Jawa Tengah;45983
17-Feb;Jawa Tengah;46609
18-Feb;Jawa Tengah;46873
19-Feb;Jawa Tengah;47599
20-Feb;Jawa Tengah;47930
21-Feb;Jawa Tengah;48177
22-Feb;Jawa Tengah;48058
23-Feb;Jawa Tengah;48094
24-Feb;Jawa Tengah;48712
25-Feb;Jawa Tengah;48231
26-Feb;Jawa Tengah;47635
27-Feb;Jawa Tengah;45699
28-Feb;Jawa Tengah;43280
01-Mar;Jawa Tengah;43030
02-Mar;Jawa Tengah;43187
03-Mar;Jawa Tengah;42389
04-Mar;Jawa Tengah;42259
05-Mar;Jawa Tengah;42906
06-Mar;Jawa Tengah;43444
07-Mar;Jawa Tengah;43263
08-Mar;Jawa Tengah;41749
09-Mar;Jawa Tengah;40732
10-Mar;Jawa Tengah;40364
11-Mar;Jawa Tengah;40275
12-Mar;Jawa Tengah;39989
13-Mar;Jawa Tengah;39920
14-Mar;Jawa Tengah;39956
15-Mar;Jawa Tengah;40070
16-Mar;Jawa Tengah;39223
17-Mar;Jawa Tengah;39093
18-Mar;Jawa Tengah;38797
19-Mar;Jawa Tengah;38502
20-Mar;Jawa Tengah;38411
21-Mar;Jawa Tengah;38406
22-Mar;Jawa Tengah;37392
23-Mar;Jawa Tengah;37092
24-Mar;Jawa Tengah;36301
25-Mar;Jawa Tengah;36269
26-Mar;Jawa Tengah;35983
27-Mar;Jawa Tengah;36030
28-Mar;Jawa Tengah;36130
29-Mar;Jawa Tengah;35583
30-Mar;Jawa Tengah;35088
31-Mar;Jawa Tengah;34907
01-Apr;Jawa Tengah;34736
02-Apr;Jawa Tengah;34827
03-Apr;Jawa Tengah;34958
04-Apr;Jawa Tengah;35111
05-Apr;Jawa Tengah;33415
06-Apr;Jawa Tengah;33236
07-Apr;Jawa Tengah;31547
08-Apr;Jawa Tengah;29586
09-Apr;Jawa Tengah;27347
10-Apr;Jawa Tengah;27312
11-Apr;Jawa Tengah;27139
12-Apr;Jawa Tengah;26599
13-Apr;Jawa Tengah;25491
14-Apr;Jawa Tengah;24406
15-Apr;Jawa Tengah;23092
16-Apr;Jawa Tengah;21847
17-Apr;Jawa Tengah;20545
18-Apr;Jawa Tengah;19575
19-Apr;Jawa Tengah;18361
20-Apr;Jawa Tengah;16653
21-Apr;Jawa Tengah;15161
22-Apr;Jawa Tengah;14091
23-Apr;Jawa Tengah;12849
24-Apr;Jawa Tengah;12494
25-Apr;Jawa Tengah;12429
26-Apr;Jawa Tengah;12533
27-Apr;Jawa Tengah;12203
28-Apr;Jawa Tengah;11736
29-Apr;Jawa Tengah;10839
30-Apr;Jawa Tengah;10241
01-May;Jawa Tengah;10182
02-May;Jawa Tengah;10263
03-May;Jawa Tengah;10164
04-May;Jawa Tengah;9844
05-May;Jawa Tengah;9726
06-May;Jawa Tengah;9659
07-May;Jawa Tengah;9409
08-May;Jawa Tengah;9091
09-May;Jawa Tengah;8750
10-May;Jawa Tengah;8782
11-May;Jawa Tengah;8461
12-May;Jawa Tengah;8254
13-May;Jawa Tengah;7587
14-May;Jawa Tengah;7277
15-May;Jawa Tengah;7056
16-May;Jawa Tengah;6987
17-May;Jawa Tengah;6820
18-May;Jawa Tengah;6728
19-May;Jawa Tengah;6895
20-May;Jawa Tengah;6949
21-May;Jawa Tengah;7399
22-May;Jawa Tengah;7734
23-May;Jawa Tengah;7816
24-May;Jawa Tengah;7821
25-May;Jawa Tengah;8155
26-May;Jawa Tengah;8429
27-May;Jawa Tengah;8878
28-May;Jawa Tengah;8958
29-May;Jawa Tengah;9328
30-May;Jawa Tengah;10050
31-May;Jawa Tengah;10334
01-Jun;Jawa Tengah;11040
02-Jun;Jawa Tengah;11576
03-Jun;Jawa Tengah;11783
04-Jun;Jawa Tengah;12045
05-Jun;Jawa Tengah;13000
06-Jun;Jawa Tengah;13450
07-Jun;Jawa Tengah;13652
08-Jun;Jawa Tengah;14424
09-Jun;Jawa Tengah;14926
10-Jun;Jawa Tengah;15812
11-Jun;Jawa Tengah;16032
12-Jun;Jawa Tengah;16723
13-Jun;Jawa Tengah;19122
14-Jun;Jawa Tengah;19820
15-Jun;Jawa Tengah;20572
16-Jun;Jawa Tengah;21209
17-Jun;Jawa Tengah;21932
18-Jun;Jawa Tengah;22422
19-Jun;Jawa Tengah;24026
20-Jun;Jawa Tengah;25981
21-Jun;Jawa Tengah;26988
22-Jun;Jawa Tengah;27686
23-Jun;Jawa Tengah;28204
24-Jun;Jawa Tengah;30256
25-Jun;Jawa Tengah;30322
26-Jun;Jawa Tengah;32006
27-Jun;Jawa Tengah;33805
28-Jun;Jawa Tengah;34391
29-Jun;Jawa Tengah;35757
30-Jun;Jawa Tengah;35990
01-Jul;Jawa Tengah;36759
02-Jul;Jawa Tengah;37911
03-Jul;Jawa Tengah;39447
04-Jul;Jawa Tengah;41364
05-Jul;Jawa Tengah;43110
06-Jul;Jawa Tengah;45498
07-Jul;Jawa Tengah;46039
08-Jul;Jawa Tengah;47803
09-Jul;Jawa Tengah;49098
10-Jul;Jawa Tengah;50944
11-Jul;Jawa Tengah;50943
12-Jul;Jawa Tengah;50950
13-Jul;Jawa Tengah;51618
14-Jul;Jawa Tengah;53756
15-Jul;Jawa Tengah;55663
16-Jul;Jawa Tengah;56943
17-Jul;Jawa Tengah;60673
18-Jul;Jawa Tengah;61773
19-Jul;Jawa Tengah;61869
20-Jul;Jawa Tengah;60771
21-Jul;Jawa Tengah;60659
22-Jul;Jawa Tengah;59513
23-Jul;Jawa Tengah;59470
24-Jul;Jawa Tengah;60593
25-Jul;Jawa Tengah;62175
26-Jul;Jawa Tengah;61266
27-Jul;Jawa Tengah;61352
28-Jul;Jawa Tengah;61140
29-Jul;Jawa Tengah;58727
30-Jul;Jawa Tengah;57159
31-Jul;Jawa Tengah;57147
01-Aug;Jawa Tengah;56649
02-Aug;Jawa Tengah;57298
03-Aug;Jawa Tengah;57659
04-Aug;Jawa Tengah;55173
05-Aug;Jawa Tengah;51356
06-Aug;Jawa Tengah;45972
07-Aug;Jawa Tengah;46081
08-Aug;Jawa Tengah;45053
09-Aug;Jawa Tengah;42751
10-Aug;Jawa Tengah;40469
11-Aug;Jawa Tengah;38236
12-Aug;Jawa Tengah;35694
13-Aug;Jawa Tengah;35861
14-Aug;Jawa Tengah;34809
15-Aug;Jawa Tengah;34519
16-Aug;Jawa Tengah;33839
17-Aug;Jawa Tengah;31619
18-Aug;Jawa Tengah;28393
19-Aug;Jawa Tengah;27629
20-Aug;Jawa Tengah;29538
21-Aug;Jawa Tengah;28949
22-Aug;Jawa Tengah;28069
23-Aug;Jawa Tengah;27627
24-Aug;Jawa Tengah;28006
25-Aug;Jawa Tengah;27216
26-Aug;Jawa Tengah;26758
27-Aug;Jawa Tengah;26735
28-Aug;Jawa Tengah;26748
29-Aug;Jawa Tengah;25959
30-Aug;Jawa Tengah;25483
31-Aug;Jawa Tengah;24985
01-Sep;Jawa Tengah;24668
02-Sep;Jawa Tengah;20699
03-Sep;Jawa Tengah;19999
04-Sep;Jawa Tengah;19957
05-Sep;Jawa Tengah;19901
06-Sep;Jawa Tengah;19603
07-Sep;Jawa Tengah;18917
08-Sep;Jawa Tengah;18496
09-Sep;Jawa Tengah;18303
10-Sep;Jawa Tengah;18128
11-Sep;Jawa Tengah;18030
12-Sep;Jawa Tengah;16180
13-Sep;Jawa Tengah;14472
14-Sep;Jawa Tengah;12708
15-Sep;Jawa Tengah;11084
16-Sep;Jawa Tengah;9438
17-Sep;Jawa Tengah;7735
18-Sep;Jawa Tengah;6690
19-Sep;Jawa Tengah;5497
20-Sep;Jawa Tengah;3885
21-Sep;Jawa Tengah;3777
22-Sep;Jawa Tengah;3686
23-Sep;Jawa Tengah;3755
24-Sep;Jawa Tengah;3798
25-Sep;Jawa Tengah;3885
26-Sep;Jawa Tengah;3872
27-Sep;Jawa Tengah;3795
28-Sep;Jawa Tengah;3791
29-Sep;Jawa Tengah;3684
30-Sep;Jawa Tengah;3518
21-Mar;DI Yogyakarta;4
22-Mar;DI Yogyakarta;4
23-Mar;DI Yogyakarta;4
24-Mar;DI Yogyakarta;4
25-Mar;DI Yogyakarta;14
26-Mar;DI Yogyakarta;13
27-Mar;DI Yogyakarta;19
28-Mar;DI Yogyakarta;19
29-Mar;DI Yogyakarta;19
30-Mar;DI Yogyakarta;15
31-Mar;DI Yogyakarta;20
01-Apr;DI Yogyakarta;25
02-Apr;DI Yogyakarta;23
03-Apr;DI Yogyakarta;23
04-Apr;DI Yogyakarta;29
05-Apr;DI Yogyakarta;30
06-Apr;DI Yogyakarta;36
07-Apr;DI Yogyakarta;37
08-Apr;DI Yogyakarta;28
09-Apr;DI Yogyakarta;28
10-Apr;DI Yogyakarta;28
11-Apr;DI Yogyakarta;28
12-Apr;DI Yogyakarta;28
13-Apr;DI Yogyakarta;44
14-Apr;DI Yogyakarta;37
15-Apr;DI Yogyakarta;37
16-Apr;DI Yogyakarta;33
17-Apr;DI Yogyakarta;32
18-Apr;DI Yogyakarta;34
19-Apr;DI Yogyakarta;33
20-Apr;DI Yogyakarta;34
21-Apr;DI Yogyakarta;35
22-Apr;DI Yogyakarta;38
23-Apr;DI Yogyakarta;37
24-Apr;DI Yogyakarta;34
25-Apr;DI Yogyakarta;36
26-Apr;DI Yogyakarta;39
27-Apr;DI Yogyakarta;39
28-Apr;DI Yogyakarta;47
29-Apr;DI Yogyakarta;47
30-Apr;DI Yogyakarta;45
01-May;DI Yogyakarta;53
02-May;DI Yogyakarta;59
03-May;DI Yogyakarta;59
04-May;DI Yogyakarta;58
05-May;DI Yogyakarta;62
06-May;DI Yogyakarta;62
07-May;DI Yogyakarta;73
08-May;DI Yogyakarta;77
09-May;DI Yogyakarta;80
10-May;DI Yogyakarta;86
11-May;DI Yogyakarta;91
12-May;DI Yogyakarta;99
13-May;DI Yogyakarta;106
14-May;DI Yogyakarta;110
15-May;DI Yogyakarta;110
16-May;DI Yogyakarta;109
17-May;DI Yogyakarta;106
18-May;DI Yogyakarta;102
19-May;DI Yogyakarta;104
20-May;DI Yogyakarta;104
21-May;DI Yogyakarta;102
22-May;DI Yogyakarta;95
23-May;DI Yogyakarta;96
24-May;DI Yogyakarta;96
25-May;DI Yogyakarta;94
26-May;DI Yogyakarta;87
27-May;DI Yogyakarta;86
28-May;DI Yogyakarta;78
29-May;DI Yogyakarta;73
30-May;DI Yogyakarta;67
31-May;DI Yogyakarta;68
01-Jun;DI Yogyakarta;63
02-Jun;DI Yogyakarta;61
03-Jun;DI Yogyakarta;59
04-Jun;DI Yogyakarta;55
05-Jun;DI Yogyakarta;56
06-Jun;DI Yogyakarta;56
07-Jun;DI Yogyakarta;54
08-Jun;DI Yogyakarta;54
09-Jun;DI Yogyakarta;50
10-Jun;DI Yogyakarta;48
11-Jun;DI Yogyakarta;49
12-Jun;DI Yogyakarta;58
13-Jun;DI Yogyakarta;52
14-Jun;DI Yogyakarta;51
15-Jun;DI Yogyakarta;53
16-Jun;DI Yogyakarta;52
17-Jun;DI Yogyakarta;52
18-Jun;DI Yogyakarta;49
19-Jun;DI Yogyakarta;43
20-Jun;DI Yogyakarta;46
21-Jun;DI Yogyakarta;49
22-Jun;DI Yogyakarta;42
23-Jun;DI Yogyakarta;45
24-Jun;DI Yogyakarta;42
25-Jun;DI Yogyakarta;44
26-Jun;DI Yogyakarta;42
27-Jun;DI Yogyakarta;39
28-Jun;DI Yogyakarta;38
29-Jun;DI Yogyakarta;37
30-Jun;DI Yogyakarta;42
01-Jul;DI Yogyakarta;42
02-Jul;DI Yogyakarta;43
03-Jul;DI Yogyakarta;45
04-Jul;DI Yogyakarta;42
05-Jul;DI Yogyakarta;47
06-Jul;DI Yogyakarta;53
07-Jul;DI Yogyakarta;56
08-Jul;DI Yogyakarta;56
09-Jul;DI Yogyakarta;61
10-Jul;DI Yogyakarta;67
11-Jul;DI Yogyakarta;70
12-Jul;DI Yogyakarta;69
13-Jul;DI Yogyakarta;74
14-Jul;DI Yogyakarta;73
15-Jul;DI Yogyakarta;77
16-Jul;DI Yogyakarta;80
17-Jul;DI Yogyakarta;83
18-Jul;DI Yogyakarta;90
19-Jul;DI Yogyakarta;97
20-Jul;DI Yogyakarta;100
21-Jul;DI Yogyakarta;123
22-Jul;DI Yogyakarta;141
23-Jul;DI Yogyakarta;146
24-Jul;DI Yogyakarta;168
25-Jul;DI Yogyakarta;177
26-Jul;DI Yogyakarta;179
27-Jul;DI Yogyakarta;191
28-Jul;DI Yogyakarta;197
29-Jul;DI Yogyakarta;200
30-Jul;DI Yogyakarta;209
31-Jul;DI Yogyakarta;255
01-Aug;DI Yogyakarta;310
02-Aug;DI Yogyakarta;318
03-Aug;DI Yogyakarta;317
04-Aug;DI Yogyakarta;315
05-Aug;DI Yogyakarta;303
06-Aug;DI Yogyakarta;301
07-Aug;DI Yogyakarta;292
08-Aug;DI Yogyakarta;279
09-Aug;DI Yogyakarta;268
10-Aug;DI Yogyakarta;258
11-Aug;DI Yogyakarta;246
12-Aug;DI Yogyakarta;241
13-Aug;DI Yogyakarta;239
14-Aug;DI Yogyakarta;260
15-Aug;DI Yogyakarta;302
16-Aug;DI Yogyakarta;322
17-Aug;DI Yogyakarta;331
18-Aug;DI Yogyakarta;335
19-Aug;DI Yogyakarta;348
20-Aug;DI Yogyakarta;342
21-Aug;DI Yogyakarta;338
22-Aug;DI Yogyakarta;337
23-Aug;DI Yogyakarta;334
24-Aug;DI Yogyakarta;327
25-Aug;DI Yogyakarta;357
26-Aug;DI Yogyakarta;336
27-Aug;DI Yogyakarta;347
28-Aug;DI Yogyakarta;343
29-Aug;DI Yogyakarta;368
30-Aug;DI Yogyakarta;384
31-Aug;DI Yogyakarta;360
01-Sep;DI Yogyakarta;370
02-Sep;DI Yogyakarta;372
03-Sep;DI Yogyakarta;389
04-Sep;DI Yogyakarta;385
05-Sep;DI Yogyakarta;385
06-Sep;DI Yogyakarta;354
07-Sep;DI Yogyakarta;336
08-Sep;DI Yogyakarta;332
09-Sep;DI Yogyakarta;329
10-Sep;DI Yogyakarta;348
11-Sep;DI Yogyakarta;381
12-Sep;DI Yogyakarta;412
13-Sep;DI Yogyakarta;452
14-Sep;DI Yogyakarta;461
15-Sep;DI Yogyakarta;472
16-Sep;DI Yogyakarta;470
17-Sep;DI Yogyakarta;491
18-Sep;DI Yogyakarta;513
19-Sep;DI Yogyakarta;566
20-Sep;DI Yogyakarta;617
21-Sep;DI Yogyakarta;642
22-Sep;DI Yogyakarta;674
23-Sep;DI Yogyakarta;680
24-Sep;DI Yogyakarta;681
25-Sep;DI Yogyakarta;717
26-Sep;DI Yogyakarta;718
27-Sep;DI Yogyakarta;711
28-Sep;DI Yogyakarta;696
29-Sep;DI Yogyakarta;684
30-Sep;DI Yogyakarta;691
01-Oct;DI Yogyakarta;677
02-Oct;DI Yogyakarta;670
03-Oct;DI Yogyakarta;722
04-Oct;DI Yogyakarta;670
05-Oct;DI Yogyakarta;615
06-Oct;DI Yogyakarta;595
07-Oct;DI Yogyakarta;595
08-Oct;DI Yogyakarta;636
09-Oct;DI Yogyakarta;659
10-Oct;DI Yogyakarta;715
11-Oct;DI Yogyakarta;712
12-Oct;DI Yogyakarta;670
13-Oct;DI Yogyakarta;668
14-Oct;DI Yogyakarta;672
15-Oct;DI Yogyakarta;660
16-Oct;DI Yogyakarta;673
17-Oct;DI Yogyakarta;649
18-Oct;DI Yogyakarta;624
19-Oct;DI Yogyakarta;567
20-Oct;DI Yogyakarta;529
21-Oct;DI Yogyakarta;539
22-Oct;DI Yogyakarta;565
23-Oct;DI Yogyakarta;568
24-Oct;DI Yogyakarta;576
25-Oct;DI Yogyakarta;552
26-Oct;DI Yogyakarta;549
27-Oct;DI Yogyakarta;557
28-Oct;DI Yogyakarta;559
29-Oct;DI Yogyakarta;589
30-Oct;DI Yogyakarta;587
31-Oct;DI Yogyakarta;595
01-Nov;DI Yogyakarta;598
02-Nov;DI Yogyakarta;580
03-Nov;DI Yogyakarta;606
04-Nov;DI Yogyakarta;597
05-Nov;DI Yogyakarta;733
06-Nov;DI Yogyakarta;727
07-Nov;DI Yogyakarta;714
08-Nov;DI Yogyakarta;714
09-Nov;DI Yogyakarta;683
10-Nov;DI Yogyakarta;685
11-Nov;DI Yogyakarta;671
12-Nov;DI Yogyakarta;723
13-Nov;DI Yogyakarta;753
14-Nov;DI Yogyakarta;780
15-Nov;DI Yogyakarta;779
16-Nov;DI Yogyakarta;831
17-Nov;DI Yogyakarta;893
18-Nov;DI Yogyakarta;1001
19-Nov;DI Yogyakarta;1059
20-Nov;DI Yogyakarta;1063
21-Nov;DI Yogyakarta;1093
22-Nov;DI Yogyakarta;1157
23-Nov;DI Yogyakarta;1135
24-Nov;DI Yogyakarta;1173
25-Nov;DI Yogyakarta;1176
26-Nov;DI Yogyakarta;1219
27-Nov;DI Yogyakarta;1275
28-Nov;DI Yogyakarta;1356
29-Nov;DI Yogyakarta;1444
30-Nov;DI Yogyakarta;1420
01-Dec;DI Yogyakarta;1461
02-Dec;DI Yogyakarta;1552
03-Dec;DI Yogyakarta;1663
04-Dec;DI Yogyakarta;1768
05-Dec;DI Yogyakarta;1849
06-Dec;DI Yogyakarta;1988
07-Dec;DI Yogyakarta;2027
08-Dec;DI Yogyakarta;2125
09-Dec;DI Yogyakarta;2104
10-Dec;DI Yogyakarta;2184
11-Dec;DI Yogyakarta;2222
12-Dec;DI Yogyakarta;2349
13-Dec;DI Yogyakarta;2368
14-Dec;DI Yogyakarta;2421
15-Dec;DI Yogyakarta;2471
16-Dec;DI Yogyakarta;2616
17-Dec;DI Yogyakarta;2778
18-Dec;DI Yogyakarta;2788
19-Dec;DI Yogyakarta;2927
20-Dec;DI Yogyakarta;2926
21-Dec;DI Yogyakarta;2929
22-Dec;DI Yogyakarta;3015
23-Dec;DI Yogyakarta;3191
24-Dec;DI Yogyakarta;3271
25-Dec;DI Yogyakarta;3360
26-Dec;DI Yogyakarta;3528
27-Dec;DI Yogyakarta;3559
28-Dec;DI Yogyakarta;3658
29-Dec;DI Yogyakarta;3635
30-Dec;DI Yogyakarta;3582
31-Dec;DI Yogyakarta;3720
01-Jan;DI Yogyakarta;3828
02-Jan;DI Yogyakarta;3901
03-Jan;DI Yogyakarta;3885
04-Jan;DI Yogyakarta;3896
05-Jan;DI Yogyakarta;4145
06-Jan;DI Yogyakarta;4123
07-Jan;DI Yogyakarta;4293
08-Jan;DI Yogyakarta;4517
09-Jan;DI Yogyakarta;4675
10-Jan;DI Yogyakarta;4714
11-Jan;DI Yogyakarta;4790
12-Jan;DI Yogyakarta;4905
13-Jan;DI Yogyakarta;5041
14-Jan;DI Yogyakarta;5196
15-Jan;DI Yogyakarta;5192
16-Jan;DI Yogyakarta;5185
17-Jan;DI Yogyakarta;5280
18-Jan;DI Yogyakarta;5282
19-Jan;DI Yogyakarta;5461
20-Jan;DI Yogyakarta;5547
21-Jan;DI Yogyakarta;5788
22-Jan;DI Yogyakarta;5887
23-Jan;DI Yogyakarta;6235
24-Jan;DI Yogyakarta;6250
25-Jan;DI Yogyakarta;6137
26-Jan;DI Yogyakarta;6145
27-Jan;DI Yogyakarta;6174
28-Jan;DI Yogyakarta;6141
29-Jan;DI Yogyakarta;6342
30-Jan;DI Yogyakarta;6390
31-Jan;DI Yogyakarta;6236
01-Feb;DI Yogyakarta;6192
02-Feb;DI Yogyakarta;6141
03-Feb;DI Yogyakarta;6144
04-Feb;DI Yogyakarta;6230
05-Feb;DI Yogyakarta;6343
06-Feb;DI Yogyakarta;6290
07-Feb;DI Yogyakarta;6219
08-Feb;DI Yogyakarta;6157
09-Feb;DI Yogyakarta;6055
10-Feb;DI Yogyakarta;6086
11-Feb;DI Yogyakarta;6088
12-Feb;DI Yogyakarta;6184
13-Feb;DI Yogyakarta;5920
14-Feb;DI Yogyakarta;5773
15-Feb;DI Yogyakarta;5763
16-Feb;DI Yogyakarta;5640
17-Feb;DI Yogyakarta;5613
18-Feb;DI Yogyakarta;5740
19-Feb;DI Yogyakarta;5739
20-Feb;DI Yogyakarta;5808
21-Feb;DI Yogyakarta;5720
22-Feb;DI Yogyakarta;5624
23-Feb;DI Yogyakarta;5603
24-Feb;DI Yogyakarta;5545
25-Feb;DI Yogyakarta;5515
26-Feb;DI Yogyakarta;5462
27-Feb;DI Yogyakarta;5463
28-Feb;DI Yogyakarta;5370
01-Mar;DI Yogyakarta;5236
02-Mar;DI Yogyakarta;5116
03-Mar;DI Yogyakarta;5178
04-Mar;DI Yogyakarta;5121
05-Mar;DI Yogyakarta;5201
06-Mar;DI Yogyakarta;5036
07-Mar;DI Yogyakarta;5076
08-Mar;DI Yogyakarta;5076
09-Mar;DI Yogyakarta;5060
10-Mar;DI Yogyakarta;5091
11-Mar;DI Yogyakarta;4923
12-Mar;DI Yogyakarta;4956
13-Mar;DI Yogyakarta;4882
14-Mar;DI Yogyakarta;4702
15-Mar;DI Yogyakarta;4688
16-Mar;DI Yogyakarta;4639
17-Mar;DI Yogyakarta;4833
18-Mar;DI Yogyakarta;4960
19-Mar;DI Yogyakarta;4918
20-Mar;DI Yogyakarta;5055
21-Mar;DI Yogyakarta;5086
22-Mar;DI Yogyakarta;5051
23-Mar;DI Yogyakarta;5033
24-Mar;DI Yogyakarta;5133
25-Mar;DI Yogyakarta;5197
26-Mar;DI Yogyakarta;5281
27-Mar;DI Yogyakarta;5210
28-Mar;DI Yogyakarta;5152
29-Mar;DI Yogyakarta;5080
30-Mar;DI Yogyakarta;5120
31-Mar;DI Yogyakarta;5157
01-Apr;DI Yogyakarta;5048
02-Apr;DI Yogyakarta;5134
03-Apr;DI Yogyakarta;5014
04-Apr;DI Yogyakarta;4952
05-Apr;DI Yogyakarta;4859
06-Apr;DI Yogyakarta;4878
07-Apr;DI Yogyakarta;4949
08-Apr;DI Yogyakarta;4954
09-Apr;DI Yogyakarta;5019
10-Apr;DI Yogyakarta;5065
11-Apr;DI Yogyakarta;4986
12-Apr;DI Yogyakarta;4849
13-Apr;DI Yogyakarta;4843
14-Apr;DI Yogyakarta;4840
15-Apr;DI Yogyakarta;4789
16-Apr;DI Yogyakarta;4801
17-Apr;DI Yogyakarta;4669
18-Apr;DI Yogyakarta;4581
19-Apr;DI Yogyakarta;4577
20-Apr;DI Yogyakarta;4540
21-Apr;DI Yogyakarta;4518
22-Apr;DI Yogyakarta;4493
23-Apr;DI Yogyakarta;4365
24-Apr;DI Yogyakarta;4248
25-Apr;DI Yogyakarta;4215
26-Apr;DI Yogyakarta;4172
27-Apr;DI Yogyakarta;4119
28-Apr;DI Yogyakarta;4206
29-Apr;DI Yogyakarta;4150
30-Apr;DI Yogyakarta;4153
01-May;DI Yogyakarta;3947
02-May;DI Yogyakarta;3814
03-May;DI Yogyakarta;3634
04-May;DI Yogyakarta;3529
05-May;DI Yogyakarta;3494
06-May;DI Yogyakarta;3399
07-May;DI Yogyakarta;3301
08-May;DI Yogyakarta;3167
09-May;DI Yogyakarta;3095
10-May;DI Yogyakarta;3017
11-May;DI Yogyakarta;2860
12-May;DI Yogyakarta;2837
13-May;DI Yogyakarta;2698
14-May;DI Yogyakarta;2617
15-May;DI Yogyakarta;2440
16-May;DI Yogyakarta;2412
17-May;DI Yogyakarta;2370
18-May;DI Yogyakarta;2310
19-May;DI Yogyakarta;2337
20-May;DI Yogyakarta;2371
21-May;DI Yogyakarta;2296
22-May;DI Yogyakarta;2216
23-May;DI Yogyakarta;2177
24-May;DI Yogyakarta;2119
25-May;DI Yogyakarta;2133
26-May;DI Yogyakarta;2125
27-May;DI Yogyakarta;2099
28-May;DI Yogyakarta;2080
29-May;DI Yogyakarta;2113
30-May;DI Yogyakarta;2110
31-May;DI Yogyakarta;2120
01-Jun;DI Yogyakarta;2152
02-Jun;DI Yogyakarta;2286
03-Jun;DI Yogyakarta;2340
04-Jun;DI Yogyakarta;2473
05-Jun;DI Yogyakarta;2510
06-Jun;DI Yogyakarta;2589
07-Jun;DI Yogyakarta;2630
08-Jun;DI Yogyakarta;2660
09-Jun;DI Yogyakarta;2747
10-Jun;DI Yogyakarta;2960
11-Jun;DI Yogyakarta;3151
12-Jun;DI Yogyakarta;3367
13-Jun;DI Yogyakarta;3600
14-Jun;DI Yogyakarta;3815
15-Jun;DI Yogyakarta;4025
16-Jun;DI Yogyakarta;4266
17-Jun;DI Yogyakarta;4573
18-Jun;DI Yogyakarta;4916
19-Jun;DI Yogyakarta;5269
20-Jun;DI Yogyakarta;5639
21-Jun;DI Yogyakarta;6071
22-Jun;DI Yogyakarta;6471
23-Jun;DI Yogyakarta;6875
24-Jun;DI Yogyakarta;7397
25-Jun;DI Yogyakarta;7887
26-Jun;DI Yogyakarta;8414
27-Jun;DI Yogyakarta;8917
28-Jun;DI Yogyakarta;9414
29-Jun;DI Yogyakarta;9856
30-Jun;DI Yogyakarta;10367
01-Jul;DI Yogyakarta;10860
02-Jul;DI Yogyakarta;11405
03-Jul;DI Yogyakarta;12303
04-Jul;DI Yogyakarta;13356
05-Jul;DI Yogyakarta;14166
06-Jul;DI Yogyakarta;14721
07-Jul;DI Yogyakarta;15259
08-Jul;DI Yogyakarta;15727
09-Jul;DI Yogyakarta;16446
10-Jul;DI Yogyakarta;17501
11-Jul;DI Yogyakarta;18636
12-Jul;DI Yogyakarta;19538
13-Jul;DI Yogyakarta;21387
14-Jul;DI Yogyakarta;22628
15-Jul;DI Yogyakarta;24253
16-Jul;DI Yogyakarta;24614
17-Jul;DI Yogyakarta;25983
18-Jul;DI Yogyakarta;27274
19-Jul;DI Yogyakarta;27875
20-Jul;DI Yogyakarta;28527
21-Jul;DI Yogyakarta;29050
22-Jul;DI Yogyakarta;29906
23-Jul;DI Yogyakarta;30264
24-Jul;DI Yogyakarta;30711
25-Jul;DI Yogyakarta;31681
26-Jul;DI Yogyakarta;33253
27-Jul;DI Yogyakarta;34755
28-Jul;DI Yogyakarta;35729
29-Jul;DI Yogyakarta;36481
30-Jul;DI Yogyakarta;36512
31-Jul;DI Yogyakarta;36662
01-Aug;DI Yogyakarta;37019
02-Aug;DI Yogyakarta;37031
03-Aug;DI Yogyakarta;37385
04-Aug;DI Yogyakarta;38078
05-Aug;DI Yogyakarta;38342
06-Aug;DI Yogyakarta;37820
07-Aug;DI Yogyakarta;36999
08-Aug;DI Yogyakarta;36052
09-Aug;DI Yogyakarta;33512
10-Aug;DI Yogyakarta;32289
11-Aug;DI Yogyakarta;30369
12-Aug;DI Yogyakarta;28652
13-Aug;DI Yogyakarta;26888
14-Aug;DI Yogyakarta;27174
15-Aug;DI Yogyakarta;26708
16-Aug;DI Yogyakarta;26193
17-Aug;DI Yogyakarta;24439
18-Aug;DI Yogyakarta;22729
19-Aug;DI Yogyakarta;21726
20-Aug;DI Yogyakarta;20152
21-Aug;DI Yogyakarta;18506
22-Aug;DI Yogyakarta;18127
23-Aug;DI Yogyakarta;17042
24-Aug;DI Yogyakarta;16028
25-Aug;DI Yogyakarta;15655
26-Aug;DI Yogyakarta;15052
27-Aug;DI Yogyakarta;14605
28-Aug;DI Yogyakarta;14045
29-Aug;DI Yogyakarta;13684
30-Aug;DI Yogyakarta;12914
31-Aug;DI Yogyakarta;12293
01-Sep;DI Yogyakarta;11707
02-Sep;DI Yogyakarta;11018
03-Sep;DI Yogyakarta;10274
04-Sep;DI Yogyakarta;9334
05-Sep;DI Yogyakarta;8592
06-Sep;DI Yogyakarta;8127
07-Sep;DI Yogyakarta;7580
08-Sep;DI Yogyakarta;7128
09-Sep;DI Yogyakarta;6636
10-Sep;DI Yogyakarta;6176
11-Sep;DI Yogyakarta;5783
12-Sep;DI Yogyakarta;5472
13-Sep;DI Yogyakarta;5217
14-Sep;DI Yogyakarta;4909
15-Sep;DI Yogyakarta;4584
16-Sep;DI Yogyakarta;4075
17-Sep;DI Yogyakarta;3756
18-Sep;DI Yogyakarta;3473
19-Sep;DI Yogyakarta;3239
20-Sep;DI Yogyakarta;2953
21-Sep;DI Yogyakarta;2736
22-Sep;DI Yogyakarta;2572
23-Sep;DI Yogyakarta;2249
24-Sep;DI Yogyakarta;2078
25-Sep;DI Yogyakarta;1920
26-Sep;DI Yogyakarta;1863
27-Sep;DI Yogyakarta;1761
28-Sep;DI Yogyakarta;1697
29-Sep;DI Yogyakarta;1642
30-Sep;DI Yogyakarta;1514
21-Mar;Banten;40
22-Mar;Banten;43
23-Mar;Banten;52
24-Mar;Banten;60
25-Mar;Banten;62
26-Mar;Banten;62
27-Mar;Banten;79
28-Mar;Banten;98
29-Mar;Banten;101
30-Mar;Banten;123
31-Mar;Banten;136
01-Apr;Banten;131
02-Apr;Banten;143
03-Apr;Banten;149
04-Apr;Banten;149
05-Apr;Banten;153
06-Apr;Banten;163
07-Apr;Banten;169
08-Apr;Banten;187
09-Apr;Banten;191
10-Apr;Banten;215
11-Apr;Banten;251
12-Apr;Banten;253
13-Apr;Banten;256
14-Apr;Banten;251
15-Apr;Banten;249
16-Apr;Banten;258
17-Apr;Banten;268
18-Apr;Banten;278
19-Apr;Banten;281
20-Apr;Banten;289
21-Apr;Banten;289
22-Apr;Banten;273
23-Apr;Banten;273
24-Apr;Banten;287
25-Apr;Banten;298
26-Apr;Banten;298
27-Apr;Banten;309
28-Apr;Banten;314
29-Apr;Banten;314
30-Apr;Banten;329
01-May;Banten;343
02-May;Banten;352
03-May;Banten;357
04-May;Banten;371
05-May;Banten;300
06-May;Banten;324
07-May;Banten;317
08-May;Banten;327
09-May;Banten;345
10-May;Banten;355
11-May;Banten;339
12-May;Banten;350
13-May;Banten;366
14-May;Banten;378
15-May;Banten;404
16-May;Banten;407
17-May;Banten;430
18-May;Banten;453
19-May;Banten;474
20-May;Banten;475
21-May;Banten;517
22-May;Banten;530
23-May;Banten;530
24-May;Banten;547
25-May;Banten;547
26-May;Banten;563
27-May;Banten;570
28-May;Banten;560
29-May;Banten;559
30-May;Banten;545
31-May;Banten;548
01-Jun;Banten;546
02-Jun;Banten;541
03-Jun;Banten;612
04-Jun;Banten;617
05-Jun;Banten;595
06-Jun;Banten;589
07-Jun;Banten;594
08-Jun;Banten;604
09-Jun;Banten;598
10-Jun;Banten;622
11-Jun;Banten;635
12-Jun;Banten;664
13-Jun;Banten;734
14-Jun;Banten;721
15-Jun;Banten;704
16-Jun;Banten;713
17-Jun;Banten;722
18-Jun;Banten;713
19-Jun;Banten;714
20-Jun;Banten;699
21-Jun;Banten;706
22-Jun;Banten;712
23-Jun;Banten;711
24-Jun;Banten;721
25-Jun;Banten;730
26-Jun;Banten;732
27-Jun;Banten;742
28-Jun;Banten;731
29-Jun;Banten;730
30-Jun;Banten;735
01-Jul;Banten;727
02-Jul;Banten;513
03-Jul;Banten;482
04-Jul;Banten;486
05-Jul;Banten;488
06-Jul;Banten;496
07-Jul;Banten;499
08-Jul;Banten;506
09-Jul;Banten;497
10-Jul;Banten;482
11-Jul;Banten;460
12-Jul;Banten;422
13-Jul;Banten;424
14-Jul;Banten;421
15-Jul;Banten;391
16-Jul;Banten;392
17-Jul;Banten;391
18-Jul;Banten;386
19-Jul;Banten;404
20-Jul;Banten;399
21-Jul;Banten;388
22-Jul;Banten;384
23-Jul;Banten;390
24-Jul;Banten;397
25-Jul;Banten;395
26-Jul;Banten;397
27-Jul;Banten;384
28-Jul;Banten;387
29-Jul;Banten;391
30-Jul;Banten;403
31-Jul;Banten;391
01-Aug;Banten;402
02-Aug;Banten;396
03-Aug;Banten;389
04-Aug;Banten;409
05-Aug;Banten;427
06-Aug;Banten;430
07-Aug;Banten;445
08-Aug;Banten;466
09-Aug;Banten;489
10-Aug;Banten;511
11-Aug;Banten;521
12-Aug;Banten;550
13-Aug;Banten;538
14-Aug;Banten;549
15-Aug;Banten;562
16-Aug;Banten;586
17-Aug;Banten;584
18-Aug;Banten;639
19-Aug;Banten;655
20-Aug;Banten;668
21-Aug;Banten;670
22-Aug;Banten;680
23-Aug;Banten;692
24-Aug;Banten;711
25-Aug;Banten;727
26-Aug;Banten;726
27-Aug;Banten;764
28-Aug;Banten;790
29-Aug;Banten;742
30-Aug;Banten;746
31-Aug;Banten;752
01-Sep;Banten;713
02-Sep;Banten;758
03-Sep;Banten;767
04-Sep;Banten;762
05-Sep;Banten;782
06-Sep;Banten;839
07-Sep;Banten;878
08-Sep;Banten;911
09-Sep;Banten;927
10-Sep;Banten;938
11-Sep;Banten;946
12-Sep;Banten;927
13-Sep;Banten;943
14-Sep;Banten;975
15-Sep;Banten;1008
16-Sep;Banten;1097
17-Sep;Banten;1171
18-Sep;Banten;1285
19-Sep;Banten;1390
20-Sep;Banten;1532
21-Sep;Banten;1591
22-Sep;Banten;1582
23-Sep;Banten;1751
24-Sep;Banten;1797
25-Sep;Banten;1670
26-Sep;Banten;1758
27-Sep;Banten;1645
28-Sep;Banten;1645
29-Sep;Banten;1645
30-Sep;Banten;1508
01-Oct;Banten;1468
02-Oct;Banten;1434
03-Oct;Banten;1467
04-Oct;Banten;1563
05-Oct;Banten;1627
06-Oct;Banten;1625
07-Oct;Banten;1582
08-Oct;Banten;1605
09-Oct;Banten;1660
10-Oct;Banten;1739
11-Oct;Banten;1756
12-Oct;Banten;1757
13-Oct;Banten;1773
14-Oct;Banten;1750
15-Oct;Banten;1609
16-Oct;Banten;1626
17-Oct;Banten;1632
18-Oct;Banten;1600
19-Oct;Banten;1659
20-Oct;Banten;1614
21-Oct;Banten;1636
22-Oct;Banten;1777
23-Oct;Banten;1843
24-Oct;Banten;1858
25-Oct;Banten;1962
26-Oct;Banten;1818
27-Oct;Banten;1841
28-Oct;Banten;1916
29-Oct;Banten;1927
30-Oct;Banten;1850
31-Oct;Banten;1799
01-Nov;Banten;1781
02-Nov;Banten;1801
03-Nov;Banten;1807
04-Nov;Banten;1787
05-Nov;Banten;1764
06-Nov;Banten;1758
07-Nov;Banten;1788
08-Nov;Banten;1770
09-Nov;Banten;1842
10-Nov;Banten;1897
11-Nov;Banten;2020
12-Nov;Banten;2115
13-Nov;Banten;2225
14-Nov;Banten;2380
15-Nov;Banten;2539
16-Nov;Banten;2538
17-Nov;Banten;2525
18-Nov;Banten;2579
19-Nov;Banten;2738
20-Nov;Banten;2838
21-Nov;Banten;2997
22-Nov;Banten;3111
23-Nov;Banten;3267
24-Nov;Banten;3398
25-Nov;Banten;3440
26-Nov;Banten;3509
27-Nov;Banten;3580
28-Nov;Banten;3652
29-Nov;Banten;3703
30-Nov;Banten;3815
01-Dec;Banten;3913
02-Dec;Banten;3948
03-Dec;Banten;4034
04-Dec;Banten;4143
05-Dec;Banten;4213
06-Dec;Banten;4289
07-Dec;Banten;4381
08-Dec;Banten;4458
09-Dec;Banten;4538
10-Dec;Banten;4670
11-Dec;Banten;4798
12-Dec;Banten;4957
13-Dec;Banten;5048
14-Dec;Banten;5155
15-Dec;Banten;5295
16-Dec;Banten;5399
17-Dec;Banten;5498
18-Dec;Banten;5599
19-Dec;Banten;5768
20-Dec;Banten;5934
21-Dec;Banten;6093
22-Dec;Banten;6310
23-Dec;Banten;6473
24-Dec;Banten;6447
25-Dec;Banten;6571
26-Dec;Banten;6785
27-Dec;Banten;6891
28-Dec;Banten;6987
29-Dec;Banten;7002
30-Dec;Banten;7161
31-Dec;Banten;7348
01-Jan;Banten;7618
02-Jan;Banten;7781
03-Jan;Banten;7888
04-Jan;Banten;8019
05-Jan;Banten;8137
06-Jan;Banten;8169
07-Jan;Banten;8442
08-Jan;Banten;8660
09-Jan;Banten;8910
10-Jan;Banten;8911
11-Jan;Banten;9013
12-Jan;Banten;9119
13-Jan;Banten;9290
14-Jan;Banten;9494
15-Jan;Banten;9672
16-Jan;Banten;9912
17-Jan;Banten;10169
18-Jan;Banten;10240
19-Jan;Banten;10383
20-Jan;Banten;10581
21-Jan;Banten;10769
22-Jan;Banten;10964
23-Jan;Banten;11204
24-Jan;Banten;11448
25-Jan;Banten;11429
26-Jan;Banten;11609
27-Jan;Banten;11073
28-Jan;Banten;10665
29-Jan;Banten;10065
30-Jan;Banten;10305
31-Jan;Banten;9879
01-Feb;Banten;9841
02-Feb;Banten;9664
03-Feb;Banten;9499
04-Feb;Banten;9191
05-Feb;Banten;9230
06-Feb;Banten;9110
07-Feb;Banten;8655
08-Feb;Banten;7736
09-Feb;Banten;6811
10-Feb;Banten;6587
11-Feb;Banten;6553
12-Feb;Banten;6687
13-Feb;Banten;6766
14-Feb;Banten;6827
15-Feb;Banten;6926
16-Feb;Banten;7179
17-Feb;Banten;7470
18-Feb;Banten;7281
19-Feb;Banten;7010
20-Feb;Banten;6757
21-Feb;Banten;6641
22-Feb;Banten;6531
23-Feb;Banten;6622
24-Feb;Banten;6658
25-Feb;Banten;6829
26-Feb;Banten;6795
27-Feb;Banten;6787
28-Feb;Banten;6813
01-Mar;Banten;6783
02-Mar;Banten;6699
03-Mar;Banten;6744
04-Mar;Banten;6739
05-Mar;Banten;7134
06-Mar;Banten;6415
07-Mar;Banten;6415
08-Mar;Banten;6664
09-Mar;Banten;6519
10-Mar;Banten;6606
11-Mar;Banten;6570
12-Mar;Banten;6962
13-Mar;Banten;7049
14-Mar;Banten;6970
15-Mar;Banten;6750
16-Mar;Banten;6628
17-Mar;Banten;6685
18-Mar;Banten;6365
19-Mar;Banten;6141
20-Mar;Banten;6119
21-Mar;Banten;5818
22-Mar;Banten;6039
23-Mar;Banten;5734
24-Mar;Banten;5938
25-Mar;Banten;6015
26-Mar;Banten;5684
27-Mar;Banten;5877
28-Mar;Banten;5930
29-Mar;Banten;6145
30-Mar;Banten;6340
31-Mar;Banten;6290
01-Apr;Banten;5165
02-Apr;Banten;4495
03-Apr;Banten;3837
04-Apr;Banten;721
05-Apr;Banten;894
06-Apr;Banten;1029
07-Apr;Banten;1164
08-Apr;Banten;1247
09-Apr;Banten;1325
10-Apr;Banten;1397
11-Apr;Banten;1436
12-Apr;Banten;1710
13-Apr;Banten;1842
14-Apr;Banten;1875
15-Apr;Banten;1910
16-Apr;Banten;2005
17-Apr;Banten;2021
18-Apr;Banten;1822
19-Apr;Banten;1860
20-Apr;Banten;1929
21-Apr;Banten;1907
22-Apr;Banten;1915
23-Apr;Banten;1988
24-Apr;Banten;1924
25-Apr;Banten;1866
26-Apr;Banten;1915
27-Apr;Banten;2009
28-Apr;Banten;2015
29-Apr;Banten;1931
30-Apr;Banten;1961
01-May;Banten;1986
02-May;Banten;1971
03-May;Banten;2053
04-May;Banten;1998
05-May;Banten;1875
06-May;Banten;1902
07-May;Banten;1920
08-May;Banten;1965
09-May;Banten;1852
10-May;Banten;1869
11-May;Banten;1905
12-May;Banten;1937
13-May;Banten;1970
14-May;Banten;1994
15-May;Banten;1917
16-May;Banten;1939
17-May;Banten;1670
18-May;Banten;1697
19-May;Banten;1685
20-May;Banten;1427
21-May;Banten;1403
22-May;Banten;1365
23-May;Banten;1347
24-May;Banten;1344
25-May;Banten;1422
26-May;Banten;1443
27-May;Banten;1552
28-May;Banten;1541
29-May;Banten;1538
30-May;Banten;1524
31-May;Banten;1396
01-Jun;Banten;1484
02-Jun;Banten;1498
03-Jun;Banten;1508
04-Jun;Banten;1624
05-Jun;Banten;1678
06-Jun;Banten;1693
07-Jun;Banten;1751
08-Jun;Banten;1803
09-Jun;Banten;1880
10-Jun;Banten;2014
11-Jun;Banten;2064
12-Jun;Banten;2191
13-Jun;Banten;2335
14-Jun;Banten;2534
15-Jun;Banten;2620
16-Jun;Banten;2736
17-Jun;Banten;2867
18-Jun;Banten;2949
19-Jun;Banten;3115
20-Jun;Banten;3188
21-Jun;Banten;3428
22-Jun;Banten;3652
23-Jun;Banten;3698
24-Jun;Banten;4096
25-Jun;Banten;4374
26-Jun;Banten;4617
27-Jun;Banten;5007
28-Jun;Banten;5300
29-Jun;Banten;5610
30-Jun;Banten;6005
01-Jul;Banten;6284
02-Jul;Banten;6561
03-Jul;Banten;7248
04-Jul;Banten;7827
05-Jul;Banten;8340
06-Jul;Banten;8523
07-Jul;Banten;8954
08-Jul;Banten;9309
09-Jul;Banten;9770
10-Jul;Banten;9867
11-Jul;Banten;10232
12-Jul;Banten;12541
13-Jul;Banten;15569
14-Jul;Banten;19059
15-Jul;Banten;22159
16-Jul;Banten;25019
17-Jul;Banten;27963
18-Jul;Banten;30783
19-Jul;Banten;32545
20-Jul;Banten;34920
21-Jul;Banten;35478
22-Jul;Banten;38016
23-Jul;Banten;40197
24-Jul;Banten;42052
25-Jul;Banten;43153
26-Jul;Banten;43238
27-Jul;Banten;43898
28-Jul;Banten;43855
29-Jul;Banten;41332
30-Jul;Banten;40084
31-Jul;Banten;37384
01-Aug;Banten;30593
02-Aug;Banten;28302
03-Aug;Banten;28274
04-Aug;Banten;26750
05-Aug;Banten;26925
06-Aug;Banten;21013
07-Aug;Banten;19186
08-Aug;Banten;17539
09-Aug;Banten;15358
10-Aug;Banten;14675
11-Aug;Banten;14076
12-Aug;Banten;14096
13-Aug;Banten;10968
14-Aug;Banten;10503
15-Aug;Banten;9465
16-Aug;Banten;8254
17-Aug;Banten;7322
18-Aug;Banten;6886
19-Aug;Banten;6856
20-Aug;Banten;6831
21-Aug;Banten;7047
22-Aug;Banten;6397
23-Aug;Banten;5551
24-Aug;Banten;5582
25-Aug;Banten;5394
26-Aug;Banten;4716
27-Aug;Banten;4552
28-Aug;Banten;4255
29-Aug;Banten;4324
30-Aug;Banten;3452
31-Aug;Banten;3193
01-Sep;Banten;3029
02-Sep;Banten;2989
03-Sep;Banten;2890
04-Sep;Banten;2718
05-Sep;Banten;2725
06-Sep;Banten;2595
07-Sep;Banten;2119
08-Sep;Banten;2115
09-Sep;Banten;1986
10-Sep;Banten;1845
11-Sep;Banten;1866
12-Sep;Banten;1793
13-Sep;Banten;1713
14-Sep;Banten;1605
15-Sep;Banten;1595
16-Sep;Banten;1226
17-Sep;Banten;1229
18-Sep;Banten;1209
19-Sep;Banten;1235
20-Sep;Banten;1057
21-Sep;Banten;815
22-Sep;Banten;822
23-Sep;Banten;807
24-Sep;Banten;840
25-Sep;Banten;846
26-Sep;Banten;852
27-Sep;Banten;831
28-Sep;Banten;835
29-Sep;Banten;832
30-Sep;Banten;803
21-Mar;DKI Jakarta;227
22-Mar;DKI Jakarta;256
23-Mar;DKI Jakarta;301
24-Mar;DKI Jakarta;370
25-Mar;DKI Jakarta;409
26-Mar;DKI Jakarta;444
27-Mar;DKI Jakarta;516
28-Mar;DKI Jakarta;522
29-Mar;DKI Jakarta;562
30-Mar;DKI Jakarta;576
31-Mar;DKI Jakarta;616
01-Apr;DKI Jakarta;673
02-Apr;DKI Jakarta;755
03-Apr;DKI Jakarta;829
04-Apr;DKI Jakarta;883
05-Apr;DKI Jakarta;973
06-Apr;DKI Jakarta;1068
07-Apr;DKI Jakarta;1198
08-Apr;DKI Jakarta;1286
09-Apr;DKI Jakarta;1482
10-Apr;DKI Jakarta;1517
11-Apr;DKI Jakarta;1707
12-Apr;DKI Jakarta;1707
13-Apr;DKI Jakarta;1840
14-Apr;DKI Jakarta;1931
15-Apr;DKI Jakarta;2068
16-Apr;DKI Jakarta;2224
17-Apr;DKI Jakarta;2365
18-Apr;DKI Jakarta;2466
19-Apr;DKI Jakarta;2511
20-Apr;DKI Jakarta;2580
21-Apr;DKI Jakarta;2676
22-Apr;DKI Jakarta;2760
23-Apr;DKI Jakarta;2890
24-Apr;DKI Jakarta;2946
25-Apr;DKI Jakarta;3004
26-Apr;DKI Jakarta;3110
27-Apr;DKI Jakarta;3165
28-Apr;DKI Jakarta;3269
29-Apr;DKI Jakarta;3282
30-Apr;DKI Jakarta;3318
01-May;DKI Jakarta;3454
02-May;DKI Jakarta;3492
03-May;DKI Jakarta;3433
04-May;DKI Jakarta;3499
05-May;DKI Jakarta;3574
06-May;DKI Jakarta;3615
07-May;DKI Jakarta;3687
08-May;DKI Jakarta;3786
09-May;DKI Jakarta;3877
10-May;DKI Jakarta;3953
11-May;DKI Jakarta;4023
12-May;DKI Jakarta;4008
13-May;DKI Jakarta;4079
14-May;DKI Jakarta;4074
15-May;DKI Jakarta;4038
16-May;DKI Jakarta;4126
17-May;DKI Jakarta;4241
18-May;DKI Jakarta;4289
19-May;DKI Jakarta;4356
20-May;DKI Jakarta;4435
21-May;DKI Jakarta;4362
22-May;DKI Jakarta;4390
23-May;DKI Jakarta;4450
24-May;DKI Jakarta;4547
25-May;DKI Jakarta;4553
26-May;DKI Jakarta;4629
27-May;DKI Jakarta;4704
28-May;DKI Jakarta;4790
29-May;DKI Jakarta;4880
30-May;DKI Jakarta;4708
31-May;DKI Jakarta;4749
01-Jun;DKI Jakarta;4695
02-Jun;DKI Jakarta;4624
03-Jun;DKI Jakarta;4514
04-Jun;DKI Jakarta;4560
05-Jun;DKI Jakarta;4491
06-Jun;DKI Jakarta;4510
07-Jun;DKI Jakarta;4374
08-Jun;DKI Jakarta;4386
09-Jun;DKI Jakarta;4451
10-Jun;DKI Jakarta;4451
11-Jun;DKI Jakarta;4452
12-Jun;DKI Jakarta;4419
13-Jun;DKI Jakarta;4473
14-Jun;DKI Jakarta;4334
15-Jun;DKI Jakarta;4368
16-Jun;DKI Jakarta;4336
17-Jun;DKI Jakarta;4341
18-Jun;DKI Jakarta;4365
19-Jun;DKI Jakarta;4378
20-Jun;DKI Jakarta;4423
21-Jun;DKI Jakarta;4331
22-Jun;DKI Jakarta;4384
23-Jun;DKI Jakarta;4428
24-Jun;DKI Jakarta;4480
25-Jun;DKI Jakarta;4558
26-Jun;DKI Jakarta;4638
27-Jun;DKI Jakarta;4760
28-Jun;DKI Jakarta;4624
29-Jun;DKI Jakarta;4494
30-Jun;DKI Jakarta;4280
01-Jul;DKI Jakarta;4325
02-Jul;DKI Jakarta;4314
03-Jul;DKI Jakarta;4209
04-Jul;DKI Jakarta;4163
05-Jul;DKI Jakarta;4123
06-Jul;DKI Jakarta;3982
07-Jul;DKI Jakarta;3919
08-Jul;DKI Jakarta;4122
09-Jul;DKI Jakarta;4172
10-Jul;DKI Jakarta;4243
11-Jul;DKI Jakarta;4392
12-Jul;DKI Jakarta;4626
13-Jul;DKI Jakarta;4692
14-Jul;DKI Jakarta;4835
15-Jul;DKI Jakarta;4897
16-Jul;DKI Jakarta;5068
17-Jul;DKI Jakarta;5176
18-Jul;DKI Jakarta;5391
19-Jul;DKI Jakarta;5358
20-Jul;DKI Jakarta;5556
21-Jul;DKI Jakarta;5712
22-Jul;DKI Jakarta;5731
23-Jul;DKI Jakarta;6034
24-Jul;DKI Jakarta;6058
25-Jul;DKI Jakarta;6261
26-Jul;DKI Jakarta;6480
27-Jul;DKI Jakarta;6826
28-Jul;DKI Jakarta;6844
29-Jul;DKI Jakarta;7160
30-Jul;DKI Jakarta;7349
31-Jul;DKI Jakarta;7360
01-Aug;DKI Jakarta;7037
02-Aug;DKI Jakarta;7273
03-Aug;DKI Jakarta;7591
04-Aug;DKI Jakarta;7771
05-Aug;DKI Jakarta;7732
06-Aug;DKI Jakarta;8029
07-Aug;DKI Jakarta;8487
08-Aug;DKI Jakarta;8653
09-Aug;DKI Jakarta;8529
10-Aug;DKI Jakarta;8784
11-Aug;DKI Jakarta;9050
12-Aug;DKI Jakarta;8745
13-Aug;DKI Jakarta;8955
14-Aug;DKI Jakarta;8797
15-Aug;DKI Jakarta;8848
16-Aug;DKI Jakarta;8711
17-Aug;DKI Jakarta;9040
18-Aug;DKI Jakarta;8946
19-Aug;DKI Jakarta;8913
20-Aug;DKI Jakarta;8767
21-Aug;DKI Jakarta;8976
22-Aug;DKI Jakarta;8898
23-Aug;DKI Jakarta;8806
24-Aug;DKI Jakarta;7527
25-Aug;DKI Jakarta;7624
26-Aug;DKI Jakarta;7568
27-Aug;DKI Jakarta;6779
28-Aug;DKI Jakarta;6757
29-Aug;DKI Jakarta;7001
30-Aug;DKI Jakarta;7720
31-Aug;DKI Jakarta;8351
01-Sep;DKI Jakarta;8506
02-Sep;DKI Jakarta;9069
03-Sep;DKI Jakarta;9713
04-Sep;DKI Jakarta;9768
05-Sep;DKI Jakarta;9901
06-Sep;DKI Jakarta;10267
07-Sep;DKI Jakarta;10629
08-Sep;DKI Jakarta;10693
09-Sep;DKI Jakarta;10839
10-Sep;DKI Jakarta;11092
11-Sep;DKI Jakarta;11139
12-Sep;DKI Jakarta;11661
13-Sep;DKI Jakarta;12078
14-Sep;DKI Jakarta;11436
15-Sep;DKI Jakarta;11499
16-Sep;DKI Jakarta;11817
17-Sep;DKI Jakarta;11964
18-Sep;DKI Jakarta;12172
19-Sep;DKI Jakarta;12125
20-Sep;DKI Jakarta;12178
21-Sep;DKI Jakarta;12202
22-Sep;DKI Jakarta;12565
23-Sep;DKI Jakarta;12565
24-Sep;DKI Jakarta;12435
25-Sep;DKI Jakarta;11973
26-Sep;DKI Jakarta;12519
27-Sep;DKI Jakarta;12426
28-Sep;DKI Jakarta;11987
29-Sep;DKI Jakarta;12086
30-Sep;DKI Jakarta;11776
01-Oct;DKI Jakarta;11900
02-Oct;DKI Jakarta;12440
03-Oct;DKI Jakarta;12513
04-Oct;DKI Jakarta;12866
05-Oct;DKI Jakarta;12888
06-Oct;DKI Jakarta;12947
07-Oct;DKI Jakarta;13157
08-Oct;DKI Jakarta;13278
09-Oct;DKI Jakarta;13350
10-Oct;DKI Jakarta;13311
11-Oct;DKI Jakarta;13620
12-Oct;DKI Jakarta;13720
13-Oct;DKI Jakarta;13655
14-Oct;DKI Jakarta;13485
15-Oct;DKI Jakarta;13486
16-Oct;DKI Jakarta;13525
17-Oct;DKI Jakarta;13372
18-Oct;DKI Jakarta;13252
19-Oct;DKI Jakarta;13040
20-Oct;DKI Jakarta;13136
21-Oct;DKI Jakarta;13043
22-Oct;DKI Jakarta;12857
23-Oct;DKI Jakarta;12695
24-Oct;DKI Jakarta;12582
25-Oct;DKI Jakarta;12106
26-Oct;DKI Jakarta;11837
27-Oct;DKI Jakarta;11473
28-Oct;DKI Jakarta;11254
29-Oct;DKI Jakarta;10875
30-Oct;DKI Jakarta;10396
31-Oct;DKI Jakarta;10095
01-Nov;DKI Jakarta;9209
02-Nov;DKI Jakarta;9158
03-Nov;DKI Jakarta;8739
04-Nov;DKI Jakarta;8558
05-Nov;DKI Jakarta;8368
06-Nov;DKI Jakarta;7998
07-Nov;DKI Jakarta;8116
08-Nov;DKI Jakarta;7955
09-Nov;DKI Jakarta;7535
10-Nov;DKI Jakarta;7282
11-Nov;DKI Jakarta;6895
12-Nov;DKI Jakarta;6662
13-Nov;DKI Jakarta;6702
14-Nov;DKI Jakarta;6906
15-Nov;DKI Jakarta;7091
16-Nov;DKI Jakarta;7052
17-Nov;DKI Jakarta;7211
18-Nov;DKI Jakarta;7499
19-Nov;DKI Jakarta;7784
20-Nov;DKI Jakarta;8073
21-Nov;DKI Jakarta;8543
22-Nov;DKI Jakarta;8794
23-Nov;DKI Jakarta;8722
24-Nov;DKI Jakarta;8658
25-Nov;DKI Jakarta;8814
26-Nov;DKI Jakarta;8739
27-Nov;DKI Jakarta;9344
28-Nov;DKI Jakarta;9454
29-Nov;DKI Jakarta;10052
30-Nov;DKI Jakarta;10217
01-Dec;DKI Jakarta;10228
02-Dec;DKI Jakarta;10310
03-Dec;DKI Jakarta;10464
04-Dec;DKI Jakarta;10538
05-Dec;DKI Jakarta;10864
06-Dec;DKI Jakarta;11117
07-Dec;DKI Jakarta;11625
08-Dec;DKI Jakarta;11609
09-Dec;DKI Jakarta;11744
10-Dec;DKI Jakarta;11864
11-Dec;DKI Jakarta;11872
12-Dec;DKI Jakarta;11878
13-Dec;DKI Jakarta;12044
14-Dec;DKI Jakarta;12061
15-Dec;DKI Jakarta;12019
16-Dec;DKI Jakarta;12078
17-Dec;DKI Jakarta;12372
18-Dec;DKI Jakarta;12702
19-Dec;DKI Jakarta;13478
20-Dec;DKI Jakarta;13173
21-Dec;DKI Jakarta;13253
22-Dec;DKI Jakarta;13171
23-Dec;DKI Jakarta;13660
24-Dec;DKI Jakarta;14230
25-Dec;DKI Jakarta;14572
26-Dec;DKI Jakarta;14058
27-Dec;DKI Jakarta;14201
28-Dec;DKI Jakarta;14158
29-Dec;DKI Jakarta;15189
30-Dec;DKI Jakarta;15647
31-Dec;DKI Jakarta;15678
01-Jan;DKI Jakarta;15965
02-Jan;DKI Jakarta;15566
03-Jan;DKI Jakarta;15533
04-Jan;DKI Jakarta;14837
05-Jan;DKI Jakarta;15301
06-Jan;DKI Jakarta;16624
07-Jan;DKI Jakarta;17560
08-Jan;DKI Jakarta;17814
09-Jan;DKI Jakarta;18422
10-Jan;DKI Jakarta;18199
11-Jan;DKI Jakarta;18119
12-Jan;DKI Jakarta;19097
13-Jan;DKI Jakarta;19576
14-Jan;DKI Jakarta;20623
15-Jan;DKI Jakarta;21078
16-Jan;DKI Jakarta;22371
17-Jan;DKI Jakarta;21958
18-Jan;DKI Jakarta;21481
19-Jan;DKI Jakarta;21619
20-Jan;DKI Jakarta;21487
21-Jan;DKI Jakarta;22038
22-Jan;DKI Jakarta;23620
23-Jan;DKI Jakarta;23382
24-Jan;DKI Jakarta;24527
25-Jan;DKI Jakarta;24431
26-Jan;DKI Jakarta;23760
27-Jan;DKI Jakarta;22592
28-Jan;DKI Jakarta;22710
29-Jan;DKI Jakarta;23686
30-Jan;DKI Jakarta;23581
31-Jan;DKI Jakarta;23658
01-Feb;DKI Jakarta;25085
02-Feb;DKI Jakarta;23826
03-Feb;DKI Jakarta;25747
04-Feb;DKI Jakarta;25376
05-Feb;DKI Jakarta;26196
06-Feb;DKI Jakarta;24097
07-Feb;DKI Jakarta;23961
08-Feb;DKI Jakarta;23644
09-Feb;DKI Jakarta;24245
10-Feb;DKI Jakarta;24266
11-Feb;DKI Jakarta;22725
12-Feb;DKI Jakarta;20849
13-Feb;DKI Jakarta;19068
14-Feb;DKI Jakarta;17184
15-Feb;DKI Jakarta;16926
16-Feb;DKI Jakarta;16642
17-Feb;DKI Jakarta;15941
18-Feb;DKI Jakarta;13587
19-Feb;DKI Jakarta;13137
20-Feb;DKI Jakarta;13083
21-Feb;DKI Jakarta;13072
22-Feb;DKI Jakarta;13193
23-Feb;DKI Jakarta;12116
24-Feb;DKI Jakarta;10404
25-Feb;DKI Jakarta;9625
26-Feb;DKI Jakarta;9458
27-Feb;DKI Jakarta;9977
28-Feb;DKI Jakarta;11424
01-Mar;DKI Jakarta;9817
02-Mar;DKI Jakarta;8284
03-Mar;DKI Jakarta;7234
04-Mar;DKI Jakarta;7467
05-Mar;DKI Jakarta;7415
06-Mar;DKI Jakarta;7290
07-Mar;DKI Jakarta;7253
08-Mar;DKI Jakarta;7504
09-Mar;DKI Jakarta;6671
10-Mar;DKI Jakarta;6839
11-Mar;DKI Jakarta;7665
12-Mar;DKI Jakarta;8448
13-Mar;DKI Jakarta;7626
14-Mar;DKI Jakarta;6782
15-Mar;DKI Jakarta;6529
16-Mar;DKI Jakarta;5774
17-Mar;DKI Jakarta;5963
18-Mar;DKI Jakarta;6491
19-Mar;DKI Jakarta;6885
20-Mar;DKI Jakarta;7610
21-Mar;DKI Jakarta;7353
22-Mar;DKI Jakarta;7093
23-Mar;DKI Jakarta;6201
24-Mar;DKI Jakarta;5334
25-Mar;DKI Jakarta;6329
26-Mar;DKI Jakarta;7084
27-Mar;DKI Jakarta;7769
28-Mar;DKI Jakarta;7857
29-Mar;DKI Jakarta;7841
30-Mar;DKI Jakarta;7012
31-Mar;DKI Jakarta;6780
01-Apr;DKI Jakarta;7190
02-Apr;DKI Jakarta;7098
03-Apr;DKI Jakarta;6908
04-Apr;DKI Jakarta;6615
05-Apr;DKI Jakarta;6153
06-Apr;DKI Jakarta;6095
07-Apr;DKI Jakarta;6320
08-Apr;DKI Jakarta;6682
09-Apr;DKI Jakarta;7283
10-Apr;DKI Jakarta;7427
11-Apr;DKI Jakarta;7025
12-Apr;DKI Jakarta;6353
13-Apr;DKI Jakarta;6275
14-Apr;DKI Jakarta;6315
15-Apr;DKI Jakarta;7113
16-Apr;DKI Jakarta;7039
17-Apr;DKI Jakarta;7059
18-Apr;DKI Jakarta;7027
19-Apr;DKI Jakarta;6998
20-Apr;DKI Jakarta;6546
21-Apr;DKI Jakarta;6563
22-Apr;DKI Jakarta;7167
23-Apr;DKI Jakarta;7312
24-Apr;DKI Jakarta;7322
25-Apr;DKI Jakarta;7242
26-Apr;DKI Jakarta;6638
27-Apr;DKI Jakarta;6414
28-Apr;DKI Jakarta;6357
29-Apr;DKI Jakarta;6841
30-Apr;DKI Jakarta;7086
01-May;DKI Jakarta;7204
02-May;DKI Jakarta;7064
03-May;DKI Jakarta;7114
04-May;DKI Jakarta;6926
05-May;DKI Jakarta;7073
06-May;DKI Jakarta;7391
07-May;DKI Jakarta;7559
08-May;DKI Jakarta;7681
09-May;DKI Jakarta;7784
10-May;DKI Jakarta;7850
11-May;DKI Jakarta;7569
12-May;DKI Jakarta;7538
13-May;DKI Jakarta;7723
14-May;DKI Jakarta;7792
15-May;DKI Jakarta;7431
16-May;DKI Jakarta;7281
17-May;DKI Jakarta;7391
18-May;DKI Jakarta;7387
19-May;DKI Jakarta;7782
20-May;DKI Jakarta;8561
21-May;DKI Jakarta;9301
22-May;DKI Jakarta;9824
23-May;DKI Jakarta;10339
24-May;DKI Jakarta;10846
25-May;DKI Jakarta;10710
26-May;DKI Jakarta;10800
27-May;DKI Jakarta;11136
28-May;DKI Jakarta;10811
29-May;DKI Jakarta;10699
30-May;DKI Jakarta;10756
31-May;DKI Jakarta;10882
01-Jun;DKI Jakarta;10870
02-Jun;DKI Jakarta;10867
03-Jun;DKI Jakarta;11059
04-Jun;DKI Jakarta;11130
05-Jun;DKI Jakarta;11597
06-Jun;DKI Jakarta;11712
07-Jun;DKI Jakarta;12048
08-Jun;DKI Jakarta;11835
09-Jun;DKI Jakarta;12085
10-Jun;DKI Jakarta;13046
11-Jun;DKI Jakarta;14136
12-Jun;DKI Jakarta;15847
13-Jun;DKI Jakarta;17662
14-Jun;DKI Jakarta;19311
15-Jun;DKI Jakarta;19466
16-Jun;DKI Jakarta;20530
17-Jun;DKI Jakarta;22754
18-Jun;DKI Jakarta;24908
19-Jun;DKI Jakarta;27301
20-Jun;DKI Jakarta;30357
21-Jun;DKI Jakarta;32462
22-Jun;DKI Jakarta;32542
23-Jun;DKI Jakarta;35997
24-Jun;DKI Jakarta;41014
25-Jun;DKI Jakarta;45308
26-Jun;DKI Jakarta;51803
27-Jun;DKI Jakarta;57640
28-Jun;DKI Jakarta;62494
29-Jun;DKI Jakarta;66288
30-Jun;DKI Jakarta;70375
01-Jul;DKI Jakarta;74343
02-Jul;DKI Jakarta;78699
03-Jul;DKI Jakarta;82679
04-Jul;DKI Jakarta;87272
05-Jul;DKI Jakarta;91458
06-Jul;DKI Jakarta;94660
07-Jul;DKI Jakarta;100229
08-Jul;DKI Jakarta;102216
09-Jul;DKI Jakarta;100168
10-Jul;DKI Jakarta;96159
11-Jul;DKI Jakarta;88636
12-Jul;DKI Jakarta;82654
13-Jul;DKI Jakarta;90185
14-Jul;DKI Jakarta;99723
15-Jul;DKI Jakarta;109247
16-Jul;DKI Jakarta;113082
17-Jul;DKI Jakarta;111570
18-Jul;DKI Jakarta;108683
19-Jul;DKI Jakarta;100759
20-Jul;DKI Jakarta;94633
21-Jul;DKI Jakarta;89884
22-Jul;DKI Jakarta;86117
23-Jul;DKI Jakarta;79551
24-Jul;DKI Jakarta;73148
25-Jul;DKI Jakarta;64023
26-Jul;DKI Jakarta;51860
27-Jul;DKI Jakarta;40668
28-Jul;DKI Jakarta;35084
29-Jul;DKI Jakarta;27477
30-Jul;DKI Jakarta;19737
31-Jul;DKI Jakarta;17850
01-Aug;DKI Jakarta;15884
02-Aug;DKI Jakarta;14979
03-Aug;DKI Jakarta;14004
04-Aug;DKI Jakarta;14451
05-Aug;DKI Jakarta;13877
06-Aug;DKI Jakarta;12799
07-Aug;DKI Jakarta;10177
08-Aug;DKI Jakarta;10654
09-Aug;DKI Jakarta;10357
10-Aug;DKI Jakarta;10520
11-Aug;DKI Jakarta;11101
12-Aug;DKI Jakarta;9881
13-Aug;DKI Jakarta;9453
14-Aug;DKI Jakarta;9568
15-Aug;DKI Jakarta;9667
16-Aug;DKI Jakarta;9205
17-Aug;DKI Jakarta;8916
18-Aug;DKI Jakarta;9035
19-Aug;DKI Jakarta;8798
20-Aug;DKI Jakarta;8807
21-Aug;DKI Jakarta;8770
22-Aug;DKI Jakarta;8342
23-Aug;DKI Jakarta;8166
24-Aug;DKI Jakarta;8124
25-Aug;DKI Jakarta;8180
26-Aug;DKI Jakarta;7717
27-Aug;DKI Jakarta;7995
28-Aug;DKI Jakarta;8002
29-Aug;DKI Jakarta;7764
30-Aug;DKI Jakarta;7266
31-Aug;DKI Jakarta;7107
01-Sep;DKI Jakarta;6671
02-Sep;DKI Jakarta;6256
03-Sep;DKI Jakarta;5755
04-Sep;DKI Jakarta;5620
05-Sep;DKI Jakarta;5595
06-Sep;DKI Jakarta;5061
07-Sep;DKI Jakarta;4779
08-Sep;DKI Jakarta;4523
09-Sep;DKI Jakarta;4332
10-Sep;DKI Jakarta;4125
11-Sep;DKI Jakarta;3972
12-Sep;DKI Jakarta;3953
13-Sep;DKI Jakarta;3681
14-Sep;DKI Jakarta;3368
15-Sep;DKI Jakarta;3289
16-Sep;DKI Jakarta;3125
17-Sep;DKI Jakarta;2969
18-Sep;DKI Jakarta;2919
19-Sep;DKI Jakarta;2890
20-Sep;DKI Jakarta;2569
21-Sep;DKI Jakarta;2358
22-Sep;DKI Jakarta;2294
23-Sep;DKI Jakarta;2192
24-Sep;DKI Jakarta;2041
25-Sep;DKI Jakarta;1972
26-Sep;DKI Jakarta;2011
27-Sep;DKI Jakarta;1859
28-Sep;DKI Jakarta;1786
29-Sep;DKI Jakarta;1764
30-Sep;DKI Jakarta;1716
21-Mar;Jawa Timur;25
22-Mar;Jawa Timur;40
23-Mar;Jawa Timur;40
24-Mar;Jawa Timur;50
25-Mar;Jawa Timur;49
26-Mar;Jawa Timur;53
27-Mar;Jawa Timur;54
28-Mar;Jawa Timur;65
29-Mar;Jawa Timur;72
30-Mar;Jawa Timur;67
31-Mar;Jawa Timur;69
01-Apr;Jawa Timur;78
02-Apr;Jawa Timur;71
03-Apr;Jawa Timur;119
04-Apr;Jawa Timur;109
05-Apr;Jawa Timur;144
06-Apr;Jawa Timur;137
07-Apr;Jawa Timur;137
08-Apr;Jawa Timur;134
09-Apr;Jawa Timur;157
10-Apr;Jawa Timur;172
11-Apr;Jawa Timur;178
12-Apr;Jawa Timur;291
13-Apr;Jawa Timur;337
14-Apr;Jawa Timur;358
15-Apr;Jawa Timur;373
16-Apr;Jawa Timur;382
17-Apr;Jawa Timur;382
18-Apr;Jawa Timur;410
19-Apr;Jawa Timur;438
20-Apr;Jawa Timur;436
21-Apr;Jawa Timur;447
22-Apr;Jawa Timur;479
23-Apr;Jawa Timur;492
24-Apr;Jawa Timur;495
25-Apr;Jawa Timur;562
26-Apr;Jawa Timur;560
27-Apr;Jawa Timur;568
28-Apr;Jawa Timur;623
29-Apr;Jawa Timur;625
30-Apr;Jawa Timur;705
01-May;Jawa Timur;773
02-May;Jawa Timur;766
03-May;Jawa Timur;832
04-May;Jawa Timur;829
05-May;Jawa Timur;874
06-May;Jawa Timur;899
07-May;Jawa Timur;928
08-May;Jawa Timur;931
09-May;Jawa Timur;1051
10-May;Jawa Timur;1129
11-May;Jawa Timur;1143
12-May;Jawa Timur;1256
13-May;Jawa Timur;1335
14-May;Jawa Timur;1418
15-May;Jawa Timur;1449
16-May;Jawa Timur;1620
17-May;Jawa Timur;1646
18-May;Jawa Timur;1750
19-May;Jawa Timur;1780
20-May;Jawa Timur;1881
21-May;Jawa Timur;2354
22-May;Jawa Timur;2460
23-May;Jawa Timur;2898
24-May;Jawa Timur;2915
25-May;Jawa Timur;3105
26-May;Jawa Timur;3136
27-May;Jawa Timur;3300
28-May;Jawa Timur;3431
29-May;Jawa Timur;3499
30-May;Jawa Timur;3652
31-May;Jawa Timur;3852
01-Jun;Jawa Timur;3856
02-Jun;Jawa Timur;4018
03-Jun;Jawa Timur;4090
04-Jun;Jawa Timur;3882
05-Jun;Jawa Timur;3896
06-Jun;Jawa Timur;4011
07-Jun;Jawa Timur;4056
08-Jun;Jawa Timur;4312
09-Jun;Jawa Timur;4435
10-Jun;Jawa Timur;4595
11-Jun;Jawa Timur;4757
12-Jun;Jawa Timur;4981
13-Jun;Jawa Timur;4891
14-Jun;Jawa Timur;5001
15-Jun;Jawa Timur;5193
16-Jun;Jawa Timur;5346
17-Jun;Jawa Timur;5501
18-Jun;Jawa Timur;5794
19-Jun;Jawa Timur;5817
20-Jun;Jawa Timur;6089
21-Jun;Jawa Timur;6038
22-Jun;Jawa Timur;6274
23-Jun;Jawa Timur;6459
24-Jun;Jawa Timur;6553
25-Jun;Jawa Timur;6545
26-Jun;Jawa Timur;6676
27-Jun;Jawa Timur;6746
28-Jun;Jawa Timur;6957
29-Jun;Jawa Timur;7051
30-Jun;Jawa Timur;7231
01-Jul;Jawa Timur;7196
02-Jul;Jawa Timur;7356
03-Jul;Jawa Timur;7441
04-Jul;Jawa Timur;7727
05-Jul;Jawa Timur;8101
06-Jul;Jawa Timur;8272
07-Jul;Jawa Timur;8408
08-Jul;Jawa Timur;8546
09-Jul;Jawa Timur;8777
10-Jul;Jawa Timur;8762
11-Jul;Jawa Timur;8818
12-Jul;Jawa Timur;9109
13-Jul;Jawa Timur;9042
14-Jul;Jawa Timur;9022
15-Jul;Jawa Timur;8638
16-Jul;Jawa Timur;8347
17-Jul;Jawa Timur;8178
18-Jul;Jawa Timur;7816
19-Jul;Jawa Timur;7565
20-Jul;Jawa Timur;7395
21-Jul;Jawa Timur;7302
22-Jul;Jawa Timur;7137
23-Jul;Jawa Timur;6800
24-Jul;Jawa Timur;6846
25-Jul;Jawa Timur;6729
26-Jul;Jawa Timur;6632
27-Jul;Jawa Timur;6524
28-Jul;Jawa Timur;6414
29-Jul;Jawa Timur;6202
30-Jul;Jawa Timur;6031
31-Jul;Jawa Timur;5976
01-Aug;Jawa Timur;5728
02-Aug;Jawa Timur;5717
03-Aug;Jawa Timur;5707
04-Aug;Jawa Timur;5754
05-Aug;Jawa Timur;5763
06-Aug;Jawa Timur;5566
07-Aug;Jawa Timur;5438
08-Aug;Jawa Timur;5381
09-Aug;Jawa Timur;5403
10-Aug;Jawa Timur;5315
11-Aug;Jawa Timur;5222
12-Aug;Jawa Timur;5164
13-Aug;Jawa Timur;5060
14-Aug;Jawa Timur;4996
15-Aug;Jawa Timur;4956
16-Aug;Jawa Timur;5041
17-Aug;Jawa Timur;4947
18-Aug;Jawa Timur;4864
19-Aug;Jawa Timur;4736
20-Aug;Jawa Timur;4674
21-Aug;Jawa Timur;4688
22-Aug;Jawa Timur;4582
23-Aug;Jawa Timur;4511
24-Aug;Jawa Timur;4487
25-Aug;Jawa Timur;4475
26-Aug;Jawa Timur;4428
27-Aug;Jawa Timur;4424
28-Aug;Jawa Timur;4583
29-Aug;Jawa Timur;4898
30-Aug;Jawa Timur;5115
31-Aug;Jawa Timur;5034
01-Sep;Jawa Timur;5034
02-Sep;Jawa Timur;5076
03-Sep;Jawa Timur;5079
04-Sep;Jawa Timur;5116
05-Sep;Jawa Timur;5136
06-Sep;Jawa Timur;5045
07-Sep;Jawa Timur;5076
08-Sep;Jawa Timur;5003
09-Sep;Jawa Timur;4995
10-Sep;Jawa Timur;5127
11-Sep;Jawa Timur;5176
12-Sep;Jawa Timur;5169
13-Sep;Jawa Timur;4785
14-Sep;Jawa Timur;4726
15-Sep;Jawa Timur;4734
16-Sep;Jawa Timur;4729
17-Sep;Jawa Timur;4746
18-Sep;Jawa Timur;4678
19-Sep;Jawa Timur;4608
20-Sep;Jawa Timur;4509
21-Sep;Jawa Timur;4511
22-Sep;Jawa Timur;4424
23-Sep;Jawa Timur;4289
24-Sep;Jawa Timur;4174
25-Sep;Jawa Timur;4102
26-Sep;Jawa Timur;4025
27-Sep;Jawa Timur;3827
28-Sep;Jawa Timur;3713
29-Sep;Jawa Timur;3580
30-Sep;Jawa Timur;3494
01-Oct;Jawa Timur;3455
02-Oct;Jawa Timur;3360
03-Oct;Jawa Timur;3302
04-Oct;Jawa Timur;3215
05-Oct;Jawa Timur;3145
06-Oct;Jawa Timur;3112
07-Oct;Jawa Timur;3125
08-Oct;Jawa Timur;3114
09-Oct;Jawa Timur;3098
10-Oct;Jawa Timur;3093
11-Oct;Jawa Timur;3069
12-Oct;Jawa Timur;3040
13-Oct;Jawa Timur;2983
14-Oct;Jawa Timur;2935
15-Oct;Jawa Timur;2878
16-Oct;Jawa Timur;2804
17-Oct;Jawa Timur;2706
18-Oct;Jawa Timur;2680
19-Oct;Jawa Timur;2563
20-Oct;Jawa Timur;2536
21-Oct;Jawa Timur;2524
22-Oct;Jawa Timur;2432
23-Oct;Jawa Timur;2374
24-Oct;Jawa Timur;2341
25-Oct;Jawa Timur;2351
26-Oct;Jawa Timur;2331
27-Oct;Jawa Timur;2352
28-Oct;Jawa Timur;2345
29-Oct;Jawa Timur;2343
30-Oct;Jawa Timur;2332
31-Oct;Jawa Timur;2319
01-Nov;Jawa Timur;2241
02-Nov;Jawa Timur;2202
03-Nov;Jawa Timur;2194
04-Nov;Jawa Timur;2170
05-Nov;Jawa Timur;2166
06-Nov;Jawa Timur;2168
07-Nov;Jawa Timur;2156
08-Nov;Jawa Timur;2162
09-Nov;Jawa Timur;2140
10-Nov;Jawa Timur;2091
11-Nov;Jawa Timur;2055
12-Nov;Jawa Timur;2063
13-Nov;Jawa Timur;2067
14-Nov;Jawa Timur;2068
15-Nov;Jawa Timur;2015
16-Nov;Jawa Timur;2018
17-Nov;Jawa Timur;2172
18-Nov;Jawa Timur;2268
19-Nov;Jawa Timur;2458
20-Nov;Jawa Timur;2496
21-Nov;Jawa Timur;2563
22-Nov;Jawa Timur;2533
23-Nov;Jawa Timur;2471
24-Nov;Jawa Timur;2637
25-Nov;Jawa Timur;2724
26-Nov;Jawa Timur;2784
27-Nov;Jawa Timur;2814
28-Nov;Jawa Timur;2841
29-Nov;Jawa Timur;2937
30-Nov;Jawa Timur;2986
01-Dec;Jawa Timur;3012
02-Dec;Jawa Timur;3045
03-Dec;Jawa Timur;3240
04-Dec;Jawa Timur;3433
05-Dec;Jawa Timur;3504
06-Dec;Jawa Timur;3659
07-Dec;Jawa Timur;3729
08-Dec;Jawa Timur;3693
09-Dec;Jawa Timur;4015
10-Dec;Jawa Timur;4103
11-Dec;Jawa Timur;4299
12-Dec;Jawa Timur;4498
13-Dec;Jawa Timur;4592
14-Dec;Jawa Timur;4734
15-Dec;Jawa Timur;4660
16-Dec;Jawa Timur;4831
17-Dec;Jawa Timur;5065
18-Dec;Jawa Timur;5238
19-Dec;Jawa Timur;5422
20-Dec;Jawa Timur;5292
21-Dec;Jawa Timur;5475
22-Dec;Jawa Timur;5538
23-Dec;Jawa Timur;5662
24-Dec;Jawa Timur;5778
25-Dec;Jawa Timur;6002
26-Dec;Jawa Timur;6086
27-Dec;Jawa Timur;6184
28-Dec;Jawa Timur;6221
29-Dec;Jawa Timur;6153
30-Dec;Jawa Timur;6077
31-Dec;Jawa Timur;6190
01-Jan;Jawa Timur;6201
02-Jan;Jawa Timur;6066
03-Jan;Jawa Timur;5997
04-Jan;Jawa Timur;6038
05-Jan;Jawa Timur;6132
06-Jan;Jawa Timur;6224
07-Jan;Jawa Timur;6247
08-Jan;Jawa Timur;6457
09-Jan;Jawa Timur;6627
10-Jan;Jawa Timur;6601
11-Jan;Jawa Timur;6801
12-Jan;Jawa Timur;6865
13-Jan;Jawa Timur;6864
14-Jan;Jawa Timur;6998
15-Jan;Jawa Timur;7265
16-Jan;Jawa Timur;7640
17-Jan;Jawa Timur;7572
18-Jan;Jawa Timur;7520
19-Jan;Jawa Timur;7589
20-Jan;Jawa Timur;7636
21-Jan;Jawa Timur;7742
22-Jan;Jawa Timur;7933
23-Jan;Jawa Timur;7942
24-Jan;Jawa Timur;7839
25-Jan;Jawa Timur;7826
26-Jan;Jawa Timur;7886
27-Jan;Jawa Timur;7953
28-Jan;Jawa Timur;8067
29-Jan;Jawa Timur;8008
30-Jan;Jawa Timur;7844
31-Jan;Jawa Timur;7767
01-Feb;Jawa Timur;7436
02-Feb;Jawa Timur;7340
03-Feb;Jawa Timur;7119
04-Feb;Jawa Timur;6945
05-Feb;Jawa Timur;6823
06-Feb;Jawa Timur;6736
07-Feb;Jawa Timur;6480
08-Feb;Jawa Timur;6194
09-Feb;Jawa Timur;5891
10-Feb;Jawa Timur;5752
11-Feb;Jawa Timur;5917
12-Feb;Jawa Timur;5488
13-Feb;Jawa Timur;5337
14-Feb;Jawa Timur;5137
15-Feb;Jawa Timur;4794
16-Feb;Jawa Timur;4634
17-Feb;Jawa Timur;4583
18-Feb;Jawa Timur;4441
19-Feb;Jawa Timur;4371
20-Feb;Jawa Timur;4347
21-Feb;Jawa Timur;4185
22-Feb;Jawa Timur;4041
23-Feb;Jawa Timur;4031
24-Feb;Jawa Timur;4023
25-Feb;Jawa Timur;3924
26-Feb;Jawa Timur;3898
27-Feb;Jawa Timur;3802
28-Feb;Jawa Timur;3634
01-Mar;Jawa Timur;3488
02-Mar;Jawa Timur;3340
03-Mar;Jawa Timur;3223
04-Mar;Jawa Timur;3103
05-Mar;Jawa Timur;3012
06-Mar;Jawa Timur;2922
07-Mar;Jawa Timur;2802
08-Mar;Jawa Timur;2675
09-Mar;Jawa Timur;2608
10-Mar;Jawa Timur;2584
11-Mar;Jawa Timur;2528
12-Mar;Jawa Timur;2485
13-Mar;Jawa Timur;2414
14-Mar;Jawa Timur;2373
15-Mar;Jawa Timur;2291
16-Mar;Jawa Timur;2235
17-Mar;Jawa Timur;2189
18-Mar;Jawa Timur;2181
19-Mar;Jawa Timur;2147
20-Mar;Jawa Timur;2114
21-Mar;Jawa Timur;2122
22-Mar;Jawa Timur;2074
23-Mar;Jawa Timur;2015
24-Mar;Jawa Timur;2047
25-Mar;Jawa Timur;2141
26-Mar;Jawa Timur;2161
27-Mar;Jawa Timur;2064
28-Mar;Jawa Timur;2078
29-Mar;Jawa Timur;2020
30-Mar;Jawa Timur;1998
31-Mar;Jawa Timur;2023
01-Apr;Jawa Timur;2024
02-Apr;Jawa Timur;1994
03-Apr;Jawa Timur;1953
04-Apr;Jawa Timur;1945
05-Apr;Jawa Timur;1876
06-Apr;Jawa Timur;1856
07-Apr;Jawa Timur;1924
08-Apr;Jawa Timur;1965
09-Apr;Jawa Timur;2010
10-Apr;Jawa Timur;2034
11-Apr;Jawa Timur;1997
12-Apr;Jawa Timur;1979
13-Apr;Jawa Timur;1973
14-Apr;Jawa Timur;1977
15-Apr;Jawa Timur;2017
16-Apr;Jawa Timur;2041
17-Apr;Jawa Timur;2050
18-Apr;Jawa Timur;2051
19-Apr;Jawa Timur;2039
20-Apr;Jawa Timur;2051
21-Apr;Jawa Timur;2097
22-Apr;Jawa Timur;2130
23-Apr;Jawa Timur;2143
24-Apr;Jawa Timur;2152
25-Apr;Jawa Timur;2155
26-Apr;Jawa Timur;1715
27-Apr;Jawa Timur;1683
28-Apr;Jawa Timur;1697
29-Apr;Jawa Timur;1746
30-Apr;Jawa Timur;1775
01-May;Jawa Timur;1785
02-May;Jawa Timur;1756
03-May;Jawa Timur;1699
04-May;Jawa Timur;1722
05-May;Jawa Timur;1741
06-May;Jawa Timur;1722
07-May;Jawa Timur;1652
08-May;Jawa Timur;1651
09-May;Jawa Timur;1668
10-May;Jawa Timur;1640
11-May;Jawa Timur;1673
12-May;Jawa Timur;1675
13-May;Jawa Timur;1661
14-May;Jawa Timur;1614
15-May;Jawa Timur;1542
16-May;Jawa Timur;1526
17-May;Jawa Timur;1435
18-May;Jawa Timur;1411
19-May;Jawa Timur;1437
20-May;Jawa Timur;1432
21-May;Jawa Timur;1491
22-May;Jawa Timur;1512
23-May;Jawa Timur;1524
24-May;Jawa Timur;1525
25-May;Jawa Timur;1537
26-May;Jawa Timur;1648
27-May;Jawa Timur;1660
28-May;Jawa Timur;1681
29-May;Jawa Timur;1714
30-May;Jawa Timur;1754
31-May;Jawa Timur;1748
01-Jun;Jawa Timur;1782
02-Jun;Jawa Timur;1789
03-Jun;Jawa Timur;1818
04-Jun;Jawa Timur;1841
05-Jun;Jawa Timur;1879
06-Jun;Jawa Timur;1946
07-Jun;Jawa Timur;2023
08-Jun;Jawa Timur;2131
09-Jun;Jawa Timur;2283
10-Jun;Jawa Timur;2449
11-Jun;Jawa Timur;2599
12-Jun;Jawa Timur;2731
13-Jun;Jawa Timur;2915
14-Jun;Jawa Timur;3008
15-Jun;Jawa Timur;3221
16-Jun;Jawa Timur;3621
17-Jun;Jawa Timur;3951
18-Jun;Jawa Timur;4235
19-Jun;Jawa Timur;4544
20-Jun;Jawa Timur;4856
21-Jun;Jawa Timur;5158
22-Jun;Jawa Timur;5480
23-Jun;Jawa Timur;5880
24-Jun;Jawa Timur;6380
25-Jun;Jawa Timur;6794
26-Jun;Jawa Timur;7155
27-Jun;Jawa Timur;7483
28-Jun;Jawa Timur;7939
29-Jun;Jawa Timur;8379
30-Jun;Jawa Timur;8840
01-Jul;Jawa Timur;9468
02-Jul;Jawa Timur;9987
03-Jul;Jawa Timur;10708
04-Jul;Jawa Timur;11358
05-Jul;Jawa Timur;11885
06-Jul;Jawa Timur;12494
07-Jul;Jawa Timur;13842
08-Jul;Jawa Timur;14937
09-Jul;Jawa Timur;15572
10-Jul;Jawa Timur;16412
11-Jul;Jawa Timur;17118
12-Jul;Jawa Timur;18020
13-Jul;Jawa Timur;21979
14-Jul;Jawa Timur;26996
15-Jul;Jawa Timur;33027
16-Jul;Jawa Timur;38288
17-Jul;Jawa Timur;42221
18-Jul;Jawa Timur;44566
19-Jul;Jawa Timur;45765
20-Jul;Jawa Timur;48569
21-Jul;Jawa Timur;49046
22-Jul;Jawa Timur;52219
23-Jul;Jawa Timur;54697
24-Jul;Jawa Timur;55612
25-Jul;Jawa Timur;55191
26-Jul;Jawa Timur;53487
27-Jul;Jawa Timur;54514
28-Jul;Jawa Timur;55944
29-Jul;Jawa Timur;57126
30-Jul;Jawa Timur;56990
31-Jul;Jawa Timur;56194
01-Aug;Jawa Timur;53547
02-Aug;Jawa Timur;49855
03-Aug;Jawa Timur;49263
04-Aug;Jawa Timur;48762
05-Aug;Jawa Timur;47875
06-Aug;Jawa Timur;46978
07-Aug;Jawa Timur;45565
08-Aug;Jawa Timur;44271
09-Aug;Jawa Timur;42454
10-Aug;Jawa Timur;41272
11-Aug;Jawa Timur;39451
12-Aug;Jawa Timur;38165
13-Aug;Jawa Timur;37706
14-Aug;Jawa Timur;36173
15-Aug;Jawa Timur;34123
16-Aug;Jawa Timur;31662
17-Aug;Jawa Timur;29780
18-Aug;Jawa Timur;27827
19-Aug;Jawa Timur;26908
20-Aug;Jawa Timur;25866
21-Aug;Jawa Timur;24416
22-Aug;Jawa Timur;22832
23-Aug;Jawa Timur;20434
24-Aug;Jawa Timur;18636
25-Aug;Jawa Timur;17359
26-Aug;Jawa Timur;15922
27-Aug;Jawa Timur;14800
28-Aug;Jawa Timur;13784
29-Aug;Jawa Timur;12695
30-Aug;Jawa Timur;11563
31-Aug;Jawa Timur;11091
01-Sep;Jawa Timur;10593
02-Sep;Jawa Timur;9797
03-Sep;Jawa Timur;9389
04-Sep;Jawa Timur;8710
05-Sep;Jawa Timur;8209
06-Sep;Jawa Timur;7520
07-Sep;Jawa Timur;7121
08-Sep;Jawa Timur;6729
09-Sep;Jawa Timur;6344
10-Sep;Jawa Timur;6023
11-Sep;Jawa Timur;5850
12-Sep;Jawa Timur;5572
13-Sep;Jawa Timur;5171
14-Sep;Jawa Timur;4909
15-Sep;Jawa Timur;4636
16-Sep;Jawa Timur;4289
17-Sep;Jawa Timur;4005
18-Sep;Jawa Timur;3742
19-Sep;Jawa Timur;3484
20-Sep;Jawa Timur;3191
21-Sep;Jawa Timur;2956
22-Sep;Jawa Timur;2870
23-Sep;Jawa Timur;2640
24-Sep;Jawa Timur;2484
25-Sep;Jawa Timur;2314
26-Sep;Jawa Timur;2237
27-Sep;Jawa Timur;2028
28-Sep;Jawa Timur;1947
29-Sep;Jawa Timur;1886
30-Sep;Jawa Timur;1811
21-Mar;Bali;2
22-Mar;Bali;1
23-Mar;Bali;4
24-Mar;Bali;4
25-Mar;Bali;7
26-Mar;Bali;7
27-Mar;Bali;7
28-Mar;Bali;7
29-Mar;Bali;8
30-Mar;Bali;17
31-Mar;Bali;17
01-Apr;Bali;13
02-Apr;Bali;13
03-Apr;Bali;15
04-Apr;Bali;20
05-Apr;Bali;15
06-Apr;Bali;23
07-Apr;Bali;23
08-Apr;Bali;29
09-Apr;Bali;43
10-Apr;Bali;54
11-Apr;Bali;58
12-Apr;Bali;60
13-Apr;Bali;64
14-Apr;Bali;69
15-Apr;Bali;73
16-Apr;Bali;79
17-Apr;Bali;86
18-Apr;Bali;92
19-Apr;Bali;94
20-Apr;Bali;95
21-Apr;Bali;105
22-Apr;Bali;101
23-Apr;Bali;108
24-Apr;Bali;118
25-Apr;Bali;109
26-Apr;Bali;107
27-Apr;Bali;109
28-Apr;Bali;123
29-Apr;Bali;115
30-Apr;Bali;105
01-May;Bali;110
02-May;Bali;104
03-May;Bali;107
04-May;Bali;108
05-May;Bali;113
06-May;Bali;107
07-May;Bali;100
08-May;Bali;101
09-May;Bali;105
10-May;Bali;103
11-May;Bali;100
12-May;Bali;109
13-May;Bali;108
14-May;Bali;110
15-May;Bali;107
16-May;Bali;99
17-May;Bali;94
18-May;Bali;98
19-May;Bali;92
20-May;Bali;91
21-May;Bali;90
22-May;Bali;92
23-May;Bali;97
24-May;Bali;97
25-May;Bali;97
26-May;Bali;108
27-May;Bali;109
28-May;Bali;102
29-May;Bali;119
30-May;Bali;123
31-May;Bali;132
01-Jun;Bali;143
02-Jun;Bali;148
03-Jun;Bali;136
04-Jun;Bali;141
05-Jun;Bali;150
06-Jun;Bali;181
07-Jun;Bali;204
08-Jun;Bali;212
09-Jun;Bali;194
10-Jun;Bali;223
11-Jun;Bali;230
12-Jun;Bali;242
13-Jun;Bali;255
14-Jun;Bali;261
15-Jun;Bali;252
16-Jun;Bali;266
17-Jun;Bali;281
18-Jun;Bali;336
19-Jun;Bali;404
20-Jun;Bali;420
21-Jun;Bali;438
22-Jun;Bali;456
23-Jun;Bali;468
24-Jun;Bali;503
25-Jun;Bali;546
26-Jun;Bali;522
27-Jun;Bali;607
28-Jun;Bali;630
29-Jun;Bali;648
30-Jun;Bali;681
01-Jul;Bali;652
02-Jul;Bali;749
03-Jul;Bali;777
04-Jul;Bali;842
05-Jul;Bali;862
06-Jul;Bali;903
07-Jul;Bali;881
08-Jul;Bali;867
09-Jul;Bali;827
10-Jul;Bali;882
11-Jul;Bali;768
12-Jul;Bali;757
13-Jul;Bali;722
14-Jul;Bali;759
15-Jul;Bali;779
16-Jul;Bali;782
17-Jul;Bali;777
18-Jul;Bali;781
19-Jul;Bali;713
20-Jul;Bali;679
21-Jul;Bali;700
22-Jul;Bali;710
23-Jul;Bali;696
24-Jul;Bali;688
25-Jul;Bali;658
26-Jul;Bali;620
27-Jul;Bali;601
28-Jul;Bali;574
29-Jul;Bali;551
30-Jul;Bali;524
31-Jul;Bali;483
01-Aug;Bali;476
02-Aug;Bali;469
03-Aug;Bali;455
04-Aug;Bali;445
05-Aug;Bali;439
06-Aug;Bali;428
07-Aug;Bali;425
08-Aug;Bali;431
09-Aug;Bali;461
10-Aug;Bali;460
11-Aug;Bali;457
12-Aug;Bali;455
13-Aug;Bali;453
14-Aug;Bali;447
15-Aug;Bali;449
16-Aug;Bali;437
17-Aug;Bali;436
18-Aug;Bali;459
19-Aug;Bali;468
20-Aug;Bali;490
21-Aug;Bali;503
22-Aug;Bali;513
23-Aug;Bali;508
24-Aug;Bali;517
25-Aug;Bali;538
26-Aug;Bali;555
27-Aug;Bali;561
28-Aug;Bali;581
29-Aug;Bali;600
30-Aug;Bali;658
31-Aug;Bali;705
01-Sep;Bali;763
02-Sep;Bali;826
03-Sep;Bali;879
04-Sep;Bali;985
05-Sep;Bali;1046
06-Sep;Bali;1090
07-Sep;Bali;1158
08-Sep;Bali;1196
09-Sep;Bali;1259
10-Sep;Bali;1246
11-Sep;Bali;1288
12-Sep;Bali;1352
13-Sep;Bali;1361
14-Sep;Bali;1351
15-Sep;Bali;1359
16-Sep;Bali;1354
17-Sep;Bali;1319
18-Sep;Bali;1271
19-Sep;Bali;1209
20-Sep;Bali;1195
21-Sep;Bali;1248
22-Sep;Bali;1230
23-Sep;Bali;1267
24-Sep;Bali;1250
25-Sep;Bali;1316
26-Sep;Bali;1290
27-Sep;Bali;1291
28-Sep;Bali;1250
29-Sep;Bali;1225
30-Sep;Bali;1238
01-Oct;Bali;1254
02-Oct;Bali;1287
03-Oct;Bali;1281
04-Oct;Bali;1258
05-Oct;Bali;1210
06-Oct;Bali;1174
07-Oct;Bali;1154
08-Oct;Bali;1129
09-Oct;Bali;1125
10-Oct;Bali;1110
11-Oct;Bali;1118
12-Oct;Bali;1070
13-Oct;Bali;997
14-Oct;Bali;958
15-Oct;Bali;900
16-Oct;Bali;858
17-Oct;Bali;849
18-Oct;Bali;842
19-Oct;Bali;848
20-Oct;Bali;816
21-Oct;Bali;806
22-Oct;Bali;793
23-Oct;Bali;787
24-Oct;Bali;764
25-Oct;Bali;790
26-Oct;Bali;796
27-Oct;Bali;781
28-Oct;Bali;811
29-Oct;Bali;812
30-Oct;Bali;766
31-Oct;Bali;853
01-Nov;Bali;751
02-Nov;Bali;689
03-Nov;Bali;667
04-Nov;Bali;662
05-Nov;Bali;617
06-Nov;Bali;607
07-Nov;Bali;625
08-Nov;Bali;621
09-Nov;Bali;618
10-Nov;Bali;660
11-Nov;Bali;617
12-Nov;Bali;655
13-Nov;Bali;663
14-Nov;Bali;698
15-Nov;Bali;663
16-Nov;Bali;660
17-Nov;Bali;653
18-Nov;Bali;636
19-Nov;Bali;658
20-Nov;Bali;663
21-Nov;Bali;684
22-Nov;Bali;725
23-Nov;Bali;727
24-Nov;Bali;732
25-Nov;Bali;758
26-Nov;Bali;814
27-Nov;Bali;840
28-Nov;Bali;835
29-Nov;Bali;887
30-Nov;Bali;859
01-Dec;Bali;911
02-Dec;Bali;1018
03-Dec;Bali;1118
04-Dec;Bali;1168
05-Dec;Bali;1123
06-Dec;Bali;1157
07-Dec;Bali;944
08-Dec;Bali;890
09-Dec;Bali;927
10-Dec;Bali;936
11-Dec;Bali;926
12-Dec;Bali;898
13-Dec;Bali;904
14-Dec;Bali;879
15-Dec;Bali;875
16-Dec;Bali;872
17-Dec;Bali;901
18-Dec;Bali;941
19-Dec;Bali;951
20-Dec;Bali;955
21-Dec;Bali;971
22-Dec;Bali;921
23-Dec;Bali;946
24-Dec;Bali;939
25-Dec;Bali;941
26-Dec;Bali;929
27-Dec;Bali;894
28-Dec;Bali;897
29-Dec;Bali;926
30-Dec;Bali;967
31-Dec;Bali;1043
01-Jan;Bali;1050
02-Jan;Bali;1082
03-Jan;Bali;1121
04-Jan;Bali;1101
05-Jan;Bali;1156
06-Jan;Bali;1185
07-Jan;Bali;1232
08-Jan;Bali;1345
09-Jan;Bali;1420
10-Jan;Bali;1474
11-Jan;Bali;1561
12-Jan;Bali;1769
13-Jan;Bali;1910
14-Jan;Bali;1957
15-Jan;Bali;2060
16-Jan;Bali;2227
17-Jan;Bali;2359
18-Jan;Bali;2342
19-Jan;Bali;2356
20-Jan;Bali;2598
21-Jan;Bali;2852
22-Jan;Bali;2927
23-Jan;Bali;2906
24-Jan;Bali;2973
25-Jan;Bali;2843
26-Jan;Bali;3147
27-Jan;Bali;3432
28-Jan;Bali;3502
29-Jan;Bali;3603
30-Jan;Bali;3553
31-Jan;Bali;3512
01-Feb;Bali;3493
02-Feb;Bali;3424
03-Feb;Bali;3440
04-Feb;Bali;3282
05-Feb;Bali;3315
06-Feb;Bali;3116
07-Feb;Bali;3109
08-Feb;Bali;2901
09-Feb;Bali;3075
10-Feb;Bali;3053
11-Feb;Bali;2990
12-Feb;Bali;2977
13-Feb;Bali;2893
14-Feb;Bali;2797
15-Feb;Bali;2734
16-Feb;Bali;2685
17-Feb;Bali;2812
18-Feb;Bali;2762
19-Feb;Bali;2635
20-Feb;Bali;2361
21-Feb;Bali;2404
22-Feb;Bali;2348
23-Feb;Bali;2317
24-Feb;Bali;2325
25-Feb;Bali;2289
26-Feb;Bali;2344
27-Feb;Bali;2142
28-Feb;Bali;2219
01-Mar;Bali;2144
02-Mar;Bali;2078
03-Mar;Bali;2046
04-Mar;Bali;2041
05-Mar;Bali;1997
06-Mar;Bali;1926
07-Mar;Bali;1855
08-Mar;Bali;1815
09-Mar;Bali;1782
10-Mar;Bali;1802
11-Mar;Bali;1810
12-Mar;Bali;1767
13-Mar;Bali;1760
14-Mar;Bali;1760
15-Mar;Bali;1625
16-Mar;Bali;1474
17-Mar;Bali;1414
18-Mar;Bali;1523
19-Mar;Bali;1512
20-Mar;Bali;1436
21-Mar;Bali;1479
22-Mar;Bali;1454
23-Mar;Bali;1487
24-Mar;Bali;1534
25-Mar;Bali;1594
26-Mar;Bali;1614
27-Mar;Bali;1629
28-Mar;Bali;1601
29-Mar;Bali;1531
30-Mar;Bali;1531
31-Mar;Bali;1573
01-Apr;Bali;1554
02-Apr;Bali;1582
03-Apr;Bali;1539
04-Apr;Bali;1559
05-Apr;Bali;1569
06-Apr;Bali;1566
07-Apr;Bali;1622
08-Apr;Bali;1607
09-Apr;Bali;1639
10-Apr;Bali;1662
11-Apr;Bali;1656
12-Apr;Bali;1659
13-Apr;Bali;1680
14-Apr;Bali;1729
15-Apr;Bali;1748
16-Apr;Bali;1622
17-Apr;Bali;1611
18-Apr;Bali;1593
19-Apr;Bali;1491
20-Apr;Bali;1418
21-Apr;Bali;1454
22-Apr;Bali;1393
23-Apr;Bali;1374
24-Apr;Bali;1390
25-Apr;Bali;1374
26-Apr;Bali;1298
27-Apr;Bali;1311
28-Apr;Bali;1336
29-Apr;Bali;1290
30-Apr;Bali;1283
01-May;Bali;1254
02-May;Bali;1236
03-May;Bali;1221
04-May;Bali;1238
05-May;Bali;1255
06-May;Bali;1252
07-May;Bali;1190
08-May;Bali;1193
09-May;Bali;1172
10-May;Bali;1123
11-May;Bali;1119
12-May;Bali;1118
13-May;Bali;1134
14-May;Bali;1082
15-May;Bali;1001
16-May;Bali;993
17-May;Bali;949
18-May;Bali;921
19-May;Bali;899
20-May;Bali;876
21-May;Bali;817
22-May;Bali;777
23-May;Bali;791
24-May;Bali;786
25-May;Bali;760
26-May;Bali;773
27-May;Bali;735
28-May;Bali;717
29-May;Bali;691
30-May;Bali;671
31-May;Bali;634
01-Jun;Bali;611
02-Jun;Bali;568
03-Jun;Bali;543
04-Jun;Bali;516
05-Jun;Bali;500
06-Jun;Bali;473
07-Jun;Bali;464
08-Jun;Bali;455
09-Jun;Bali;437
10-Jun;Bali;439
11-Jun;Bali;423
12-Jun;Bali;407
13-Jun;Bali;406
14-Jun;Bali;394
15-Jun;Bali;417
16-Jun;Bali;460
17-Jun;Bali;485
18-Jun;Bali;524
19-Jun;Bali;637
20-Jun;Bali;704
21-Jun;Bali;734
22-Jun;Bali;810
23-Jun;Bali;919
24-Jun;Bali;1028
25-Jun;Bali;1157
26-Jun;Bali;1310
27-Jun;Bali;1408
28-Jun;Bali;1464
29-Jun;Bali;1599
30-Jun;Bali;1707
01-Jul;Bali;1892
02-Jul;Bali;2050
03-Jul;Bali;2140
04-Jul;Bali;2360
05-Jul;Bali;2553
06-Jul;Bali;2703
07-Jul;Bali;2990
08-Jul;Bali;3293
09-Jul;Bali;3641
10-Jul;Bali;4015
11-Jul;Bali;4269
12-Jul;Bali;4596
13-Jul;Bali;4939
14-Jul;Bali;5394
15-Jul;Bali;5803
16-Jul;Bali;6191
17-Jul;Bali;6658
18-Jul;Bali;7117
19-Jul;Bali;7312
20-Jul;Bali;7636
21-Jul;Bali;8066
22-Jul;Bali;8631
23-Jul;Bali;9320
24-Jul;Bali;9656
25-Jul;Bali;9922
26-Jul;Bali;10172
27-Jul;Bali;10624
28-Jul;Bali;11077
29-Jul;Bali;11561
30-Jul;Bali;12078
31-Jul;Bali;12416
01-Aug;Bali;12690
02-Aug;Bali;12917
03-Aug;Bali;13344
04-Aug;Bali;13594
05-Aug;Bali;13803
06-Aug;Bali;13475
07-Aug;Bali;13202
08-Aug;Bali;13082
09-Aug;Bali;12937
10-Aug;Bali;12736
11-Aug;Bali;12831
12-Aug;Bali;12592
13-Aug;Bali;12327
14-Aug;Bali;12444
15-Aug;Bali;11426
16-Aug;Bali;11303
17-Aug;Bali;11206
18-Aug;Bali;10720
19-Aug;Bali;10665
20-Aug;Bali;10387
21-Aug;Bali;9982
22-Aug;Bali;9458
23-Aug;Bali;8814
24-Aug;Bali;8736
25-Aug;Bali;8599
26-Aug;Bali;8163
27-Aug;Bali;7991
28-Aug;Bali;7607
29-Aug;Bali;6933
30-Aug;Bali;6322
31-Aug;Bali;6425
01-Sep;Bali;6371
02-Sep;Bali;5991
03-Sep;Bali;5738
04-Sep;Bali;5258
05-Sep;Bali;5034
06-Sep;Bali;4871
07-Sep;Bali;4790
08-Sep;Bali;4770
09-Sep;Bali;4606
10-Sep;Bali;4437
11-Sep;Bali;4319
12-Sep;Bali;4121
13-Sep;Bali;3876
14-Sep;Bali;3401
15-Sep;Bali;2765
16-Sep;Bali;2345
17-Sep;Bali;2285
18-Sep;Bali;2211
19-Sep;Bali;2140
20-Sep;Bali;2001
21-Sep;Bali;1902
22-Sep;Bali;1782
23-Sep;Bali;1672
24-Sep;Bali;1629
25-Sep;Bali;1576
26-Sep;Bali;1514
27-Sep;Bali;1438
28-Sep;Bali;1259
29-Sep;Bali;1160
30-Sep;Bali;1012
